1,KEIJI NAMBA,1996年11月10日,"難波啓司です。<br>Developer<br><br>👍🤟"
2,株式会社SRF,,"SRF公式アカウント"
3,株式会社SRP,,"株式会社スターレイプロダクション"
4,ONLYFIVE公式,,"ONLYFIVE公式アカウント"
5,池田あおい_buGG,2002年12月04日,"初めまして池田あおいです☺︎︎ あなただけに心を込めて送ります〜 楽しみにしていてね！Twitter→@aoi_buGG"
6,清水凜_buGG,2000年03月14日,"⚠️イラストはイメージです。ちゃんと顔面送るので安心してご購入ください。愛を込めて書きます💌"
7,URUMU_QUEENS,,"やあ！🦧"
8,NANAMI_QUEENS,,"学生時代立派な加工厨だったのでいろいろ描くの得意です＼(^o^)／＼(^o^)／＼(^o^)／"
9,RIHO_QUEENS,,"QUEENSのぴんく！あなたと私だけ🧏🏻‍♀️<br>Twitter▷ <a href="https://mobile.twitter.com/riho_queens" target="_blank">https://mobile.twitter.com/riho_queens</a>"
10,RINA_QUEENS,1998年06月15日,"たくさんメッセージ送るよ〜👼🏻💌"
11,EMIRY_QUEENS,1997年10月08日,"QUEENSのパープル💜<br>ブラジルと日本のクォーター🇧🇷🇯🇵"
12,MAHO_QUEENS,,"Hello☺︎"
13,鈴木媛子_buGG,2000年01月07日,"buGGの黄色の人です<br>"
14,町田つむぎ_buGG,2002年04月09日,"ｂｕＧＧ<br>高校2年生<br>よろしくお願いします～👶🏻"
15,早見玲花_buGG,2000年11月22日,"はじめまして！早見玲花です<br>あなただけに届けます✌︎<br><br>Twitter<br>→ <a href="https://twitter.com/reika_buGG" target="_blank">https://twitter.com/reika_buGG</a><br><br>Instagram<br>→ <a href="https://www.instagram.com/hymr_k" target="_blank">https://www.instagram.com/hymr_k</a>"
16,斉藤なな_buGG,2002年12月30日,"buGGの斉藤ななです"
17,田中みう_PiiiiiiiN,2005年03月04日,"PiiiiiiiNの田中みうです💜"
18,堀口あいか_PiiiiiiiN,2002年11月22日,"PiiiiiiiN/黄色担当🌼/高校2年生17歳/<br>Twitter➡️ <a href="https://mobile.twitter.com/aika_piiiiiiin" target="_blank">https://mobile.twitter.com/aika_piiiiiiin</a><br>"
19,美希あすか_PiiiiiiiN,2002年03月28日,"PiiiiiiiNの美希あすかです!!! <br><br>Twitter⇒twitter.com/asuka_piiiiiiin<br><br>機会がとても音痴なのですが編集アプリの使い方を覚えて無敵モードです！！！！！"
20,前田イブ_PiiiiiiiN,2002年12月09日,"【Twitter】<br><a href="https://twitter.com/eve_piiiiiiin" target="_blank">https://twitter.com/eve_piiiiiiin</a><br>【Instagram】<br><a href="https://www.instagram.com/eve_piiiiiiin/" target="_blank">https://www.instagram.com/eve_piiiiiiin/</a><br>"
21,大槻りこ_PiiiiiiiN,2001年12月04日,"PiiiiiiiN💙担当✤18歳✤グループ1高身長<br><br>LIKE☞食べること✤寝ること✤美味しいもの✤体を動かすこと<br>目標☞Twitterフォロワーさん1万人✤ 武道館LIVE✤TGC出演...etc.<br><br><br> 良かったらフォローして下さい❁⃘*.ﾟ<br>〚Twitter〛<a href="https://twitter.com/riko_piiiiiiin" target="_blank">https://twitter.com/riko_piiiiiiin</a>"
22,上野りみ_PiiiiiiiN,2002年07月21日,"<a href="https://mobile.twitter.com/rimi_piiiiiiin" target="_blank">https://mobile.twitter.com/rimi_piiiiiiin</a><br><a href="https://www.instagram.com/rimitan._.world/" target="_blank">https://www.instagram.com/rimitan._.world/</a>"
23,那須笑美_PiiiiiiiN,2001年07月07日,"Twitter<br><a href="https://mobile.twitter.com/nasu_piiiiiiin" target="_blank">https://mobile.twitter.com/nasu_piiiiiiin</a><br><br>Instagram<br><a href="http://instagram.com/hohomi_nasu" target="_blank">http://instagram.com/hohomi_nasu</a><br><br>TikTok<br><a href="https://vt.tiktok.com/jTEPSr/" target="_blank">https://vt.tiktok.com/jTEPSr/</a><br><br>なすほほみ のSNS 🌱<br>"
24,FreeK-Laboratory,1990年03月11日,"合同会社FreeK-Laboratoryの公式アカウントです。<br><br>HP：<a href="https://www.freek-laboratory.com" target="_blank">https://www.freek-laboratory.com</a>"
25,神山賢士_B&#39;SHOP!,1996年04月06日,"B&#39;SHOP!の青担当 <a href="https://mobile.twitter.com/BishopKoyama" target="_blank">https://mobile.twitter.com/BishopKoyama</a>"
26,廻谷 恵士_B&#39;SHOP!,1997年03月01日,""
27,ハル_Ne:XAS,,"Ne:XASの白色担当ハルです！ <br>181cm / 作詞作曲 / アニメ / コスプレ / ねこ / 洋服(モード系) / スイーツ / アート / 城 / 教会・大聖堂 / 執事 / 山P / luz / シソンヌ / シナモン / V系 / 歌い手 / ボカロ"
28,相澤 亙_B&#39;SHOP!,1992年06月07日,"あいざわ わたる<br>B&#39;SHOP!リーダー 白担当👌<br>ニックネーム:わった<br><br>Twitter: <a href="https://mobile.twitter.com/wata359453" target="_blank">https://mobile.twitter.com/wata359453</a> Instagram: <a href="https://www.instagram.com/bisho_o_o_ppp.com1021/?igshid=1u0mx6cjzekfj" target="_blank">https://www.instagram.com/bisho_o_o_ppp.com1021/?igshid=1u0mx6cjzekfj</a> TikTok: <a href="https://vt.tiktok.com/RWTC1T/" target="_blank">https://vt.tiktok.com/RWTC1T/</a>"
29,ジュン_Ne:XAS,,"【Ne:XAS/担カラ→あか/煽り担当】<br><br>【Twitter】<br><a href="https://mobile.twitter.com/new_nexas" target="_blank">https://mobile.twitter.com/new_nexas</a>"
30,晃規_ONE BEAT DREAM,,"178cm.岐阜県出身<br>スターレイ<br>モデル/役者/タレント/バレーボール"
31,金井 優介_B&#39;SHOP!,1996年02月18日,"かない ゆうすけ<br>B&#39;SHOP!のオレンジ🌞<br>いつもスマイルゆうすけです🐕<br>Twitter👉🏻<a href="https://mobile.twitter.com/yusuke_bishop" target="_blank">https://mobile.twitter.com/yusuke_bishop</a><br>Instagram👉🏻 <a href="https://www.instagram.com/" target="_blank">https://www.instagram.com/</a>"
32,武本 悠佑_ONEBEATDREAM,1998年05月01日,"スターレイプロダクション所属<br>わんどり/21歳/175cm/BTS/🐰❤️ <br>Twitter➡️<a href="https://mobile.twitter.com/yusuke_onedre" target="_blank">https://mobile.twitter.com/yusuke_onedre</a> TikTok➡️<a href="http://vt.tiktok.com/dbNqYf/" target="_blank">http://vt.tiktok.com/dbNqYf/</a><br>Instagram➡️<a href="https://www.instagram.com/yuckejan_yukke/" target="_blank">https://www.instagram.com/yuckejan_yukke/</a><br>youtube➡️<a href="https://www.youtube.com/watch?v=mff3JBw_hFo" target="_blank">https://www.youtube.com/watch?v=mff3JBw_hFo</a> <br>"
33,大神田あゆむ_ONE BEAT DREAM,1997年06月16日,"なんだ、かんだ、おおかんだー✊<br>わんどりのアイドル♪メンバーカラー黄色🟡"
34,Takuya_Ne:XAS,,"Ne:XASのピンク担当💕<br>ロシアと日本のクォーター🇷🇺×🇯🇵"
35,Shibacchi_nexas,,"Ne:XAS 青 シバっち<br>俺の想い届けるね❣️"
36,平阪尚哉_B&#39;SHOP!,1996年12月03日,"bishop_hirasaka←👌Twitter👌<br>🎤メンズアイドルグループ【B&#39;SHOP!】の緑🎤<br>"
37,健人_ONE BEAT DREAM,1998年02月03日,"ONE BEAT DREAMの健人です！ONLY FIVEにあげる写真は出来るだけ特別なやつ意識します！！　期待に添えなかったらごめんね😂　みんな買ってね😘"
38,シオン_nexas,,""
39,佐久間悠_B’SHOP!,1993年03月06日,"FreeK:B’SHOP!所属<br>イエロー担当<br>みんな気軽にゆうくんって言ってください！<br>えびばでぃせい！！"
40,佐藤まりん_chuLa,,"chuLa お砂糖ぱーぷる担当 大阪府出身"
41,清水芹奈_てるてる,,"購入してくださった方はTwitterにリプとか送ってほしいです🙇🏻‍♀️NEXT→4/10の20時に赤メイド再び出します☺︎(この間と同じのを載せるので一回目に買えなかった方優先でお願いします💧)"
42,鳥丸結乃_てるてる,2001年02月07日,""
43,桜木妃奈_chuLa,1998年02月27日,"<a href="https://mobile.twitter.com/___hinachan227?ref_src=twsrc%5Egoogle%7Ctwcamp%5Eserp%7Ctwgr%5Eauthor" target="_blank">https://mobile.twitter.com/___hinachan227?ref_src=twsrc%5Egoogle%7Ctwcamp%5Eserp%7Ctwgr%5Eauthor</a>"
44,蒼井 聖南_chuLa,1998年11月21日,"chuLaの白担当｜Twitter→@seina_aoi"
45,世良ゆきの_//ネコプラ//,1999年03月10日,"Twitter→ <a href="https://mobile.twitter.com/yukino__necopla" target="_blank">https://mobile.twitter.com/yukino__necopla</a><br><br>1人1日1枚でお願いします！！"
46,立花りく_//ネコプラ//,2001年11月16日,"Twitter 【<a href="https://twitter.com/riku_NECOPLA" target="_blank">https://twitter.com/riku_NECOPLA</a>】<br>"
47,増田みい_//ネコプラ//,2000年03月24日,"Twitter @miiNECOPLA<br><br>Instagram @0324miiii"
48,水谷真菜_KATA☆CHU,1997年09月25日,""
49,加藤真侑_KATA☆CHU,,""
50,松島琴乃_てるてる,1998年11月12日,"アイテムはてるてるのみ！みどり色担当🐸<br>"
51,長尾優_chuLa,2001年04月08日,"chuLaのみつばちイエロー担当 ながおゆうです。<br>宜しくお願いします🐝"
52,藤咲琉花_てるてる,2001年03月17日,"よっ"
53,藍川みり_//ネコプラ//,2001年12月09日,"18歳 女子 写真ではあまり笑いませんが実物は笑います^_^"
54,村上はるか_KATA☆CHU,,""
55,津崎たみ_KATA☆CHU,1999年01月25日,""
56,成瀬かおり_//ネコプラ//,2002年08月04日,"//ネコプラ//のピンク色担当、高校2年生の成瀬かおりです🍦<br>アイス食べたい！！！！"
57,大島遥華_KATA☆CHU,1998年05月18日,""
58,渡辺あやの_chuLa,2012年05月12日,"わたちゃん！<br>Twitter⛓ <a href="https://mobile.twitter.com/SRF_Ayano" target="_blank">https://mobile.twitter.com/SRF_Ayano</a><br>Instagram🐾<br><a href="https://www.instagram.com/_wata.a" target="_blank">https://www.instagram.com/_wata.a</a>"
59,七瀬うた_chuLa,,"<a href="https://twitter.com/uta_nanase" target="_blank">https://twitter.com/uta_nanase</a><br><br>chuLaの新メンバー七瀬うたです！こんにちは"
60,星野彩_てるてる,2001年01月28日,""
61,後藤まつり_てるてる,2002年07月29日,""
62,桧山れな_//ネコプラ//,2003年02月27日,"//ネコプラ//黄色担当(◜ᴗ◝ )<br>ぽけぽけらんどに住もうね"
63,麗あね_JYA☆PON,2002年01月20日,"JYA☆PONの麗（うらら）あねです！"
64,末永茉友香_てるてる,2000年10月22日,""
65,花咲ひより_chuLa,2001年11月02日,"chuLaの幸せグリーン／グラビア"
66,桜井花音_てるてる,2001年05月10日,""
67,平瀬なぎ_JYA☆PON,2001年12月31日,""
68,桐島彩_JYA☆PON,2001年06月09日,"JYA☆PON青色担当🐁🌏（あやちゅう）"
69,北野ゆか_chuLa,2000年10月17日,"chuLa ばぶちゃんレッド担当 北野ゆかです！<br>よろしくお願いします<br><br>Twitter↓<br><a href="https://mobile.twitter.com/yuka_kitano_" target="_blank">https://mobile.twitter.com/yuka_kitano_</a>"
70,碧島ゆりな_//ネコプラ//,,"ネコプラの青担当です！🎐仲良くしてください(^ ^)"
71,宮古莉奈_JYA☆PON,,"みやこりな　黄色担当"
72,にんにん,2020年03月11日,""
73,佐野菜々美_JYA☆PON,2005年02月25日,"水色担当 佐野菜々美(さのななみ)です！Twitter▶@jyapon_nanami<br>"
74,紬まなつ_JYA☆PON,2002年02月19日,"青色担当✨通知、フォロー絶対✨"
75,井上みゆ_JYA☆PON,2001年04月14日,"初めてまして！<br>JYA☆PONの井上みゆです🌨<br>"
76,日向はる_JYA☆PON,,"ひなたはる あかいろ担当<br>Twitter(@erg_haru)"
77,望月るか_JYA☆PON,2002年08月13日,"JYA☆PONの紫です！"
78,,,""
79,高宮さくら_//ネコプラ//,1997年10月29日,"1投稿1枚までの購入でもお願いします！！"
80,,,""
81,晃規_ONE BEAT DREAM,1997年04月03日,"ONE BEAT DREAM オレンジ担当　178cm/モデル/役者/タレント/バレーボール"
82,綾瀬 駆_ONE BEAT DREAM,1997年05月21日,"Instagram.com/kakelu_ayase<br>twitter.com/kakeru_onedre"
83,ゆっちょ@B&#39;SHOP!,1994年05月08日,"びしょっぱーずピンク💘"
84,ゆい_スタッフ,2000年08月03日,"<a href="https://mobile.twitter.com/nemui_oyasumi_y" target="_blank">https://mobile.twitter.com/nemui_oyasumi_y</a>"
85,株式会社エイトワン,,"株式会社エイトワン"
86,AIRI_nanoCUNE,2003年01月14日,""
87,SERINA_nanoCUNE,,"nanoCUNEのSERINAです めっちゃ書きます！Twitterと同じ名前とか私が知ってる名前だと書きやすいのでお願いします！ "
88,,,""
89,AOI_IVOLVE,,"IVOLVEのAOIです🌼🐥❤️Twitter(<a href="https://twitter.com/AOI_IVOLVE)" target="_blank">https://twitter.com/AOI_IVOLVE)</a>"
90,MAO_nanoCUNE,,"nanoCUNEのMAOですイラストだけは得意です( ･᷄ ֊ ･᷅ )🎨 只今期間限定特別価格¥1,000キャンペーン中"
91,AYAMI_IVOLVE,,"IVOLVEのリーダーAYAMIです！よろしくお願いします🌷※完売後は非表示にしています。<a href="https://twitter.com/ayami_ivolve" target="_blank">https://twitter.com/ayami_ivolve</a>"
92,吉木悠佳,1998年07月01日,"よしきはるかです☺︎ Twitter【<a href="https://mobile.twitter.com/y_haruka701" target="_blank">https://mobile.twitter.com/y_haruka701</a>】Instagram【<a href="https://www.instagram.com/haruka_yoshiki/" target="_blank">https://www.instagram.com/haruka_yoshiki/</a>】"
93,ARISU_IVOLVE,,"Twitter→ <a href="https://twitter.com/ARISU_IVOLVE" target="_blank">https://twitter.com/ARISU_IVOLVE</a>　2人だけのね〜こ〜ゆうのすきぴ〜"
94,MIKU_IVOLVE,,"アイドルグループ IVOLVE（イヴォルブ）のえむあいけーゆーMIKUです！アナタだけの特別なものを届けたい💌 2人だけの共有をしよ〜う！ Twitter▶️ <a href="https://twitter.com/MIKU_IVOLVE" target="_blank">https://twitter.com/MIKU_IVOLVE</a>"
95,はらあやの,1995年04月08日,"シンガーソングライターやってます！"
96,岩渕_スタッフ,1965年03月24日,"アナフェス全通オジサンです！"
97,株式会社芸映,,"株式会社芸映公式アカウント"
98,株式会社TRUSTAR,,"株式会社TRUSTAR公式アカウント"
99,桜木もち子,1999年03月20日,"<a href="https://instagram.com/gohan_wo_itadaku?igshid=16h2qbtrelwcb" target="_blank">https://instagram.com/gohan_wo_itadaku?igshid=16h2qbtrelwcb</a>"
100,株式会社エイジアプロモーション,,"株式会社エイジアプロモーション公式アカウント"
101,momo_MMM,,"Malcolm Mask McLarenのmomoです☺︎!!"
102,shino_MMM,,"Malcolm Mask McLaren/shino です( ´ ` )"
103,kana_MMM,,"Malcolm Mask McLaren (マルコムマスクマクラーレン) のkanaです🐶Twitter→ <a href="https://twitter.com/kana____MMM" target="_blank">https://twitter.com/kana____MMM</a>"
104,竹本あいり_Devil ANTHEM.,,"Twitter➡️<a href="https://mobile.twitter.com/danthem_airi" target="_blank">https://mobile.twitter.com/danthem_airi</a> デビアン　沢山更新するけど、テキトーの神と呼ばれるわたしも、頑張ってるので、げっとしてくれるとうれしいです。全部心込めて書いてます　是非げっとしてください。"
105,安藤楓_Devil ANTHEM.,,"デビアン　よろしゅう"
106,竹越くるみ_Devil ANTHEM.,,"Devil ANTHEM.（デビアン）の竹越くるみです。名前と、分かりやすい何かを添えてくれると、ありがたい！（名前が被ったりとかするかもしれないので…）手書き超頑張ってるんです、クオリティは低めですが心込めて頑張っています。イエス様のような心で受け取ってください！"
107,水野瞳_Devil ANTHEM.,2003年12月14日,"デビアンの女 Twitter▶️ <a href="https://twitter.com/DANTHEMAKIRA" target="_blank">https://twitter.com/DANTHEMAKIRA</a>"
108,橋本侑芽_Devil ANTHEM.,,"デビアンのゆめです"
109,株式会社リーディ,,"株式会社リーディ公式アカウント"
110,小森ほたる,1996年04月12日,"Twitter：<a href="https://twitter.com/hotaru_komori?s=20" target="_blank">https://twitter.com/hotaru_komori?s=20</a>　Instagram：<a href="https://www.instagram.com/hotaru_komori/" target="_blank">https://www.instagram.com/hotaru_komori/</a>"
111,株式会社ロストワンズ,,"株式会社ロストワンズ公式アカウント"
112,安納サオリ,1991年02月01日,"女子プロレスラー安納サオリです。どこにも載せてないあなたにだけに見せる写真やメッセージを届けたいと思います♡ Twitter→<a href="https://twitter.com/anou_saori?s=09" target="_blank">https://twitter.com/anou_saori?s=09</a>"
113,TOMMY,,"TOMMY公式"
114,どっちて爆撃ッズ,,"どっちて爆撃ッズ公式アカウント"
115,豊田さやか(おとよ),1994年12月30日,"TRUSTAR所属<br>おとよこと豊田さやかです！あなたのためだけにメッセージ書くから2人だけの秘密だよ〜ん(*ﾟ▽ﾟ*)♡<br>Instagram [<a href="https://www.instagram.com/toyosaya1230/" target="_blank">https://www.instagram.com/toyosaya1230/</a>]<br>Twitter [<a href="https://twitter.com/1230Sayapisu" target="_blank">https://twitter.com/1230Sayapisu</a>]"
116,海江田麻貴,1996年09月24日,"TRUSTAR所属<br>talent📺🗣🎤/model👗/ radio📻<br>ㅤㅤㅤ <br>ABC「#やすともの恋愛島」/ FM滋賀「spice-e」 etc...<br>5ヶ月で54kg→42kg #DIET 達成🌿/ 鹿児島出身🍶🍠<br>ㅤㅤ<br>♥️: #ホットヨガ🧘‍♀️#バス釣り🎣 #競馬🏇<br>🏆: #書道特待生<br>Instagram [<a href="https://www.instagram.com/_makiii0924_/" target="_blank">https://www.instagram.com/_makiii0924_/</a>] Twitter [<a href="https://twitter.com/_makiii0924_" target="_blank">https://twitter.com/_makiii0924_</a>]"
117,佐藤夢,1990年12月11日,"TRUSTAR所属<br>佐藤 夢(さとうゆめ) タレント、グラビア、ドラマ、バラエティ、リポーター、園田競馬イメージキャラクター8年目SKNフラッシュ8リーダー、SUPER DOME四日市イメージキャラクターSUNNY DAY GIRLSなど活動中です❤️<br>Instagram [<a href="https://www.instagram.com/dreamsatoo/" target="_blank">https://www.instagram.com/dreamsatoo/</a>]<br>Twitter[<a href="https://mobile.twitter.com/satouyume" target="_blank">https://mobile.twitter.com/satouyume</a>]"
118,くしなあゆ,2000年11月05日,"ねこ目にゃんにゃんくしくし🐾<a href="https://twitter.com/kushina_ayu" target="_blank">https://twitter.com/kushina_ayu</a>"
119,推野奈子,2001年07月11日,""
120,橘花みなみ,,"Twitter &amp; Instagram 🌷chanchan373chan <br><br>君のことだけ考えながら一生懸命書くよ☺︎、"
121,見並里穂,1997年05月23日,"みなみりほ⭐︎22歳⭐︎熊本県出身☆もうすぐアイドル⭐︎Twitterフォローしてね<a href="https://twitter.com/97riho23" target="_blank">https://twitter.com/97riho23</a>"
122,藤咲ゆきあ,2002年08月20日,"もうすぐ情報解禁するアイドルの最年少です🐰☁️　Twitter.com/purpleedoll"
123,藍田萌,1999年05月20日,"Twitter→<a href="https://twitter.com/moechan520" target="_blank">https://twitter.com/moechan520</a> おんりーもえちゃん"
124,For You プロジェクト,,"For You プロジェクト"
125,相原もあ,,"通知、フォローしたか？？？？😊😊😊"
126,児玉菜々子,,"TRUSTAR所属<br>初代恵比寿マスカッツです。龍が如く５出演しています。<br>ある製薬会社の健康サプリCM出演させていただいています。<br>Instagram [<a href="https://www.instagram.com/nanaco.conana/?hl=ja]" target="_blank">https://www.instagram.com/nanaco.conana/?hl=ja]</a><br>Twitter [<a href="https://twitter.com/nanaco0403?s=20]" target="_blank">https://twitter.com/nanaco0403?s=20]</a>"
127,ちぎら_アンスリューム,,""
128,黒木いろ_アンスリューム,,""
129,月埜ヒスイ_アンスリューム,,""
130,閻魔ちゃん_アンスリューム,,""
131,藤咲ゆきあ,2002年08月20日,"アイドルグループの最年少です🐰☁️<a href="https://twitter.com/purpleedoll" target="_blank">https://twitter.com/purpleedoll</a>"
132,株式会社R&amp;D,,"株式会社R&amp;D公式アカウント"
133,星野桃叶🦔littlemore.,2002年05月30日,"littlemore. 最年少 高校3年生 17さい"
134,小林みくり*littlemore.,1994年05月06日,"littlemore. 最年長25さい みくりたん🐨🍏Twitter(@mikuri_kobayasi) / Instagram(@mikuri_kobayashi)"
135,本條佳花＊littlemore.,1995年12月08日,"‪littlemore.リーダー よっぴ👶🏻💜‬<br>‪Twitter,Instagram→yoshika_honjo‬<br>‪(#リトルモア) ‬"
136,小平明日香 ☁ littlemore.,1999年01月12日,"littlemore. あすぴって呼ばれてます 🐶☁️ twitter ☺︎ instagram もフォローしてね ❤︎ ( @asuka_kohira )"
137,PRODUCTION-QOOLONG,,"PRODUCTION-QOOLONG公式アカウント"
138,MAPLE INC.,,"MAPLE INC.公式アカウント"
139,海羽凜 (我儘ラキア),,"かいね りん とよみます☺︎<br><br>宮崎県出身 / 韓国 と 服<br>🐇<a href="https://twitter.com/rakia_rin" target="_blank">https://twitter.com/rakia_rin</a><br>🇰🇷<a href="http://Instagram.com/kaine_rin" target="_blank">http://Instagram.com/kaine_rin</a><br>🇰🇷 <a href="https://vt.tiktok.com/MM6jCA/" target="_blank">https://vt.tiktok.com/MM6jCA/</a>"
140,星熊南巫(我儘ラキア),,"おれはほしくまみなみ"
141,川﨑怜奈(我儘ラキア),1997年12月15日,"Twitter→ <a href="https://twitter.com/rakia_layna/" target="_blank">https://twitter.com/rakia_layna/</a> 我儘ラキアの かわさきれいな 🦁"
142,DCG合同会社,,"DCG合同会社公式アカウント"
143,柴田あいこ👻われプワ,,"われらがプワプワプーワプワ🛸<a href="https://mobile.twitter.com/aiko_wpw" target="_blank">https://mobile.twitter.com/aiko_wpw</a>"
144,川崎ひかる♡,,"われらがプワプワプーワプワ🐩われプワ🐩ワン！ダフルホワイトニング担当🐩"
145,斎藤真尋,,"アイドル われらがプワプワプーワプワ🛸略してわれプワ🛸！黄色担当斎藤真尋です⸜( ´ ꒳ ` )⸝♡︎お届けがんばります📸！フォロー通知設定よろしくお願いします🧸💘"
146,丸島ゆいの🛸われプワ,,"われらがプワプワプーワプワ🛸ピンクプリズムジャイアンメイクアップ担当💗ゆいぴぃ🐣 Twitter→ <a href="https://mobile.twitter.com/yuino_wpw" target="_blank">https://mobile.twitter.com/yuino_wpw</a>"
147,星空こまる,,"われらがプワプワプーワプワ☁略してわれプワ☁スカイパーフェクトブルー担当☁お絵かきするのがすきです☁気になったらぜひ頼んでみてください☁"
148,相沢菜々美,,"♡われらがプワプワプーワプワ♡われプワ♡フタリヨリソッテアルイテグリーン担当♡Twitter→@Nanami_wpw Instagram→nanacha_1028"
149,MIRI(我儘ラキア),,"Twitter→<a href="https://twitter.com/rakia_miri_rbs" target="_blank">https://twitter.com/rakia_miri_rbs</a> 我儘ラキアのMIRIです。"
150,株式会社CLUSTAR.,,"株式会社CLUSTAR.公式アカウント"
151,壮絶のリカ,,"壮絶のリカ"
152,株式会社G-STAR.PRO,,"株式会社G-STAR.PRO公式アカウント"
153,折原伊桜（NightOwl）,,"なんてったって折原 🛴 <a href="https://twitter.com/io_nightowl" target="_blank">https://twitter.com/io_nightowl</a> "
154,株式会社イニシャルボイス,,"株式会社イニシャルボイス公式アカウント"
155,雨夜 憧(NightOwl),1998年01月20日,"あまやあこです。次いつにしようかな"
156,沙倉 あやの🦖👑あそびダンジョン,1990年03月08日,"楽しい事を全力でО&#39;̑〇̮&#39;̑О<br>Lv30のインドアポップです。あそびダンジョンの赤の人です。※完売のお写真は非表示になっています。"
157,姫乃 ななみ💓あそびダンジョン,,"いつもふわふわニコニコななみんです🧸💭Twitter→（nanami_himeno）愛を込めてメッセージお届けさせてね💞 フォロー、通知設定して頂けたら喜びます(*´-`*)"
158,石井ひなこ,1998年09月25日,""
159,瀬戸そらら,,"あそびダンジョンの瀬戸そららです🐠💚"
160,新田ゆう,1994年10月18日,""
161,星ゆりか,2002年10月29日,""
162,百城 凛音 (NightOwl),,"Night Owlの ももしろりのん です🍑<a href="https://twitter.com/rinon_nightowl" target="_blank">https://twitter.com/rinon_nightowl</a><br><a href="http://Instagram.com/rinon_night_owl" target="_blank">http://Instagram.com/rinon_night_owl</a><br>"
163,松井奈々,,""
164,伊崎るな🤍あそびダンジョン,,"あそびダンジョンのるっるだよ🥺天才です ( ∩&#39;-&#39;📷⊂ ) <a href="https://www.instagram.com/cola_kawaii/?hl=ja" target="_blank">https://www.instagram.com/cola_kawaii/?hl=ja</a>"
165,Cannes Entertainment,,"Cannes Entertainment公式アカウント"
166,株式会社Lovers,,"株式会社 Lovers公式アカウント"
167,八神なゆた,,"あそびダンジョンの八神なゆたです🐱💙【🕊：<a href="https://mobile.twitter.com/nayuta_yagami" target="_blank">https://mobile.twitter.com/nayuta_yagami</a>】【📷：<a href="https://www.instagram.com/gyouza_kawaii/?hl=ja" target="_blank">https://www.instagram.com/gyouza_kawaii/?hl=ja</a>】購入時お名前をTwitterと同じにしてもらえると嬉しいです(&gt;_&lt;)！"
168,株式会社ART SOUND,,"株式会社ART SOUND公式アカウント"
169,芦澤佳純,1993年05月10日,"ゲームタレント、声優で G-STAR Gaming 広報 のあしざわかすみです！ 活動歴や日常はこちら twitter:@kasumi_ashizawa <br> <a href="https://twitter.com/kasumi_ashizawa?s=09" target="_blank">https://twitter.com/kasumi_ashizawa?s=09</a> <br> youtube:<a href="https://www.youtube.com/channel/UCp-sDEIgF_mrcWeybBLAd_g" target="_blank">https://www.youtube.com/channel/UCp-sDEIgF_mrcWeybBLAd_g</a> フォローしてね🥰"
170,夏乃さやか,1999年10月25日,"かのです🐰 G-STAR.PRO所属のゲーマータレント🎮 グラドルの倉持由香さんプロデュースのゲーミングチーム GSGメンバー Twitter→ <a href="https://mobile.twitter.com/_kano_sayaka" target="_blank">https://mobile.twitter.com/_kano_sayaka</a> インスタグラム→ <a href="https://www.instagram.com/p/B63NBQiFAbR/" target="_blank">https://www.instagram.com/p/B63NBQiFAbR/</a>"
171,三宿菜々,1991年05月19日,"三宿菜々です。よろしくお願いします。"
172,本郷詩苑,1998年07月14日,"G-STAR.Gaming所属 / 小悪魔アケコンデザイナー😈 / チャームポイントは牙です😇 / ゲーム大好き🎮👾💕 / etc… <a href="http://Instagram.com/shi_chaaanxx" target="_blank">http://Instagram.com/shi_chaaanxx</a> :Instagram📷 <a href="http://twitter.com/Shi_chaaanxx" target="_blank">http://twitter.com/Shi_chaaanxx</a> :Twitter🕊 <a href="https://www.youtube.com/channel/UCk-Qg-WOUhcQdw6TyBCJGcg" target="_blank">https://www.youtube.com/channel/UCk-Qg-WOUhcQdw6TyBCJGcg</a> :YouTube▶️"
173,佐山彩香,1993年05月17日,"LAST写真集【bless you】 LASTDVD【ラストグラビア】をもってグラビア卒業しました🌸あなただけのメッセージを心を込めて描きます💕よろしくお願いします🥰<a href="http://instagram.com/ayaka_sayama" target="_blank">http://instagram.com/ayaka_sayama</a>"
174,Rina,1993年10月20日,"《Twitter》👉@groovy_rina 《Instagram》👉＠groovy_rinaで検索🔍⚠️購入して頂いた後にメッセージやイラストを描きます！⚠️4/5から少しモザイクをかけてます！落書きの際にモザイクは無くしますのでご安心下さい。"
175,小島瑠那,1994年10月31日,"G-STAR.PRO所属 G-STAR Gaming/駆け出しの飛行少女/ミスFLASHグランプリ/Twitter→@runa_kojima/Instagram→runakojima"
176,株式会社プレイト,,"株式会社プレイト公式アカウント"
177,そよん,,"あなたのためだけに愛情込めてかきかきするので他の人には絶対見せちゃだめだよ、これはそよんさんとの約束です(^｡^)"
178,寺田安裕香,1994年01月13日,"あなただけに向けた手書きメッセージ入り写真をお届けします🥰"
179,日向はな,1997年09月03日,"現役美大生コスプレイヤーゲーマーの日向はなです🎨 誰より時間をかけて丁寧に心を込めて書かせて頂きます✩.*˚<a href="https://twitter.com/hinata_hana09" target="_blank">https://twitter.com/hinata_hana09</a>"
180,加藤れあ,,"G-star.gaming所属の加藤れあです。160cmでつり目です。"
181,あいりーん,1995年02月08日,"G-STAR Gamingの顔職人。英語の喋れないハーフ。稀に更新していきます📸"
182,水沢 柚乃,1998年02月20日,"ゲーム大好き水沢柚乃です！！ よろしくお願いします😊💫 "
183,Ruri,1988年10月30日,"るりです(*^^*) Twitter:ruriponta1030"
184,橋本美桜(真っ白なキャンバス),,"Twitter(@mio_shirokyan)"
185,麦田ひかる(真っ白なキャンバス),,""
186,西野千明(真っ白なキャンバス),,"ちあきでーすよろしくね"
187,鈴木えま（真っ白なキャンバス）,,"よろしくだなも"
188,小野寺梓(真っ白なキャンバス),,""
189,三浦菜々子(真っ白なキャンバス),,""
190,藤井える,1999年07月28日,""
191,㈱MONSTAR Japan Association,,"㈱MONSTAR Japan Association 公式アカウント"
192,桜田華奈,,"桃色革命❤︎ローズピンク担当桜田華奈(さくらだかな)です( ᐡ｡• ·̫ •｡ᐡ )"
193,Kolokol,,"Kolokol ONLYFIVE公式アカウント　公式HP：<a href="https://kolokol-official.com" target="_blank">https://kolokol-official.com</a>　YouTube：<a href="https://www.youtube.com/channel/UCGueRTzuTBGRAeQtDgoV3pQ" target="_blank">https://www.youtube.com/channel/UCGueRTzuTBGRAeQtDgoV3pQ</a>"
194,永峰さら,,"ながみねさらですコスロボ🤍☁️🥛❕ <a href="https://mobile.twitter.com/@sara_nagamine" target="_blank">https://mobile.twitter.com/@sara_nagamine</a>"
195,相沢美玲,1999年02月03日,"コスメティックロボット(コスロボ)のみぃぴょんです🐰💄🤖 <a href="https://mobile.twitter.com/aizawamirei" target="_blank">https://mobile.twitter.com/aizawamirei</a>"
196,志柿 じゅみ,2001年08月21日,"🦋 桃色革命 ┊︎ コーラルピンク担当 ┊︎ 最年少です 🦋 <a href="https://mobile.twitter.com/@___Jumi" target="_blank">https://mobile.twitter.com/@___Jumi</a>"
197,白鳥 茉歩,2001年01月22日,"桃色革命 ¦ ベビーピンク担当 ¦ 白鳥茉歩(しらとりまほ)🌈 💜 🌈 Twitter➤ <a href="https://twitter.com/maho_shiratori" target="_blank">https://twitter.com/maho_shiratori</a>"
198,川井優沙,1993年05月04日,""
199,季里　 (ときスパ),1999年08月05日,"🌼ときめきスパークリング🌼　きりです🕺　愛情込めて書き書きします！　ツイッター　<a href="http://twitter.com/kiri_tokispa" target="_blank">http://twitter.com/kiri_tokispa</a>"
200,,,""
201,,,""
202,Hikaru,1996年04月24日,"Dance &amp;vocal 『GROOVY』follow me❤︎ Instagram⇨🔍hikaru_niko424 Twitter⇨🔍pikarun424 T iktok⇒🔍hikaru8424"
203,JAPAN IKEMEN PROJECT LLC.,,"JAPAN IKEMEN PROJECT LLC.公式アカウント"
204,高砂ひなた（ハープスター）,1998年08月24日,"<a href="https://mobile.twitter.com/hhhhhhhhinata" target="_blank">https://mobile.twitter.com/hhhhhhhhinata</a> <a href="https://www.instagram.com/nnnnnnnnappe/" target="_blank">https://www.instagram.com/nnnnnnnnappe/</a>"
205,尾崎ヒカル (ハープスター),2001年05月04日,"おはよー"
206,黒宮ゆりか♡ 桃色革命,1995年10月18日,"桃色革命 ショッキングピンク担当💗桃レボ１の高身長( ˘꒳˘ ) ゆりかりんです🍈 Twitter→ <a href="https://mobile.twitter.com/yurikarindayo/" target="_blank">https://mobile.twitter.com/yurikarindayo/</a>"
207,本田ひまり(ハープスター),2003年07月19日,"ハープスターの黄色担当、最年少の本田ひまりです🐼🌟よろしくお願いします🌱Twitter▶︎@hima_harpstar"
208,清水杏莉(ハープスター),1999年12月20日,"<a href="https://mobile.twitter.com/anri_harpstar" target="_blank">https://mobile.twitter.com/anri_harpstar</a> <a href="https://www.instagram.com/shimizu_anri/" target="_blank">https://www.instagram.com/shimizu_anri/</a>"
209,池田優花,2020年03月29日,"ゆかフィンだよ〜🌸🐶二十歳になりました🧸普段のSNSには載せないようなあなただけのレアな一枚にしてください😣みんな受け取ってください😊"
210,野々宮ミカ,1992年08月13日,"身体100点野々宮ミカです。基本ゲームしてます！Twitter : <a href="https://mobile.twitter.com/nonomiyamika" target="_blank">https://mobile.twitter.com/nonomiyamika</a>　Instagram : <a href="https://www.instagram.com/" target="_blank">https://www.instagram.com/</a>"
211,ba,,"a"
212,倉持由香,1991年11月06日,"尻職人こと倉持由香です！よろしくお願いします！似顔絵販売もしていきます〜〜！！！😊Twitter@yukakuramoti"
213,坂東沙季(ハープスター),2000年07月04日,"<a href="https://mobile.twitter.com/saki_harpstar" target="_blank">https://mobile.twitter.com/saki_harpstar</a>"
214,間違えました,,""
215,すずめ - INUWASI,,"イヌワシのすずめです！🌟🍓フォローと通知取ってくれるとすっごく嬉しいです👧🏻❤︎ Twitter→<a href="https://twitter.com/SUZUME_INWS" target="_blank">https://twitter.com/SUZUME_INWS</a>"
216,アイリ_NEMURIORCA,,"MAPLE INC.所属／NEMURIORCA（ネムリオルカ） <a href="http://instagram.com/airinemuriorca" target="_blank">http://instagram.com/airinemuriorca</a> LinkCore：<a href="https://linkco.re/0D1Ep2cy" target="_blank">https://linkco.re/0D1Ep2cy</a> 5/9（土）2nd Rescue「 神 聖 ね む り 帝 国 」SELENE b2"
217,イヴ - INUWASI,,"イヌワシ　イヴ　Twitter→@EVE_INWS ❤︎"
218,はのんまゆ - INUWASI,,"INUWASIのはのんまゆです！毛先が赤い147センチです。コスプレもします。通知とってほしいなああ。Twitter→<a href="http://twitter.com/HANON_INWS" target="_blank">http://twitter.com/HANON_INWS</a> Instagram→<a href="https://www.instagram.com/hanon_inws/" target="_blank">https://www.instagram.com/hanon_inws/</a> "
219,JAPAN IKEMEN PROJECT LLC.,,"JAPAN IKEMEN PROJECT LLC.公式アカウント"
220,カリヲリ - INUWASI,,"パッポン！イヌワシのぎょむスターです　Twitter <a href="https://twitter.com/KARIWORI_INWS" target="_blank">https://twitter.com/KARIWORI_INWS</a>"
221,がるむ - INUWASI,,"イヌワシのがるむって犬 ポテンコポテリコ <a href="https://mobile.twitter.com/home" target="_blank">https://mobile.twitter.com/home</a>"
222,ウツノ・ミヤ_NEMURIORCA,,"背高め( @nemuriorca)ネムリオルカ 4/18(土)CLUB CRAWLウツノ・ミヤ生誕祭 / 5/9(土)SELENE b2さんにて2ndワンマン『神 聖 ね む り 帝 国 』がありますinstagram(<a href="http://instagram.com/nemurimiya/" target="_blank">http://instagram.com/nemurimiya/</a> )"
223,ライカ - INUWASI,,"イヌワシのライカです！Twitterは@RAIKA_INWSだよ🐝〜"
224,ツクシ_NEMURIORCA,,"次は4/3(土)MAPLE INC.所属<br>@nemuriorca ネムリオルカ <br>Twitter: <a href="https://mobile.twitter.com/tsukushiorca" target="_blank">https://mobile.twitter.com/tsukushiorca</a> Instagram: <a href="https://www.instagram.com/tks.frise_/" target="_blank">https://www.instagram.com/tks.frise_/</a> music:<a href="https://linkco.re/0D1Ep2cy" target="_blank">https://linkco.re/0D1Ep2cy</a> "
225,タケダ_NEMURIORCA,,"治安☆担当（乱す担当）MAPLE INC.所属 写真怖いのでdmで送ってください。 許可得てる人は大丈夫です。プロフィール 自称4歳 残念なにんげんみたいなごみ。 LinkCor<a href="https://linkco.re/0D1Ep2cy0q(NEMURIORCA" target="_blank">https://linkco.re/0D1Ep2cy0q(NEMURIORCA</a> ネムリオルカ )"
226,コオリ_NEMURIORCA,,"ネムリオルカの黒髪ボブ❄"
227,麻倉ひな子,1992年02月12日,"お絵描き写真は SNSなどには載せないでね🤫✨おすすめは待受とか待受とかです♥️"
228,ロキチャン_NEMURIORCA,,"MAPLE INC.所属 (@nemuriorca) ￤✟￤Twitter(@ROKIORCA)￤✟￤ Instagram(@rokiki_xoxo)￤✟￤ ｹﾞﾘﾗ投下もあるかも…？￤✟￤ 2020.05.09・2ndﾜﾝﾏﾝ開催決定【無料ｴﾘｱあり】"
229,株式会社,,""
230,谷あやか,,"メイビーMEの谷あやかです！"
231,三青里歩,,"ときスパのおりほです🍝普段載せない写真みんなにゲットして欲しいからみんなフォローと通知お願いします🙏🏻💓"
232,JAPAN IKEMEN PROJECT LLC.,,"JAPAN IKEMEN PROJECT LLC.公式アカウント"
233,株式会社ディスクユニオン,,"株式会社ディスクユニオン 公式アカウント"
234,七瀬菜未,,"🕊( <a href="https://mobile.twitter.com/namimi_0723" target="_blank">https://mobile.twitter.com/namimi_0723</a> ) ♡ 桃色革命の新メンバーです‪( ﹡•⌄• ﹡)‬🌸🐟"
235,大塚のりか,,"メイビーMEの大塚のりかです ！"
236,西野みやび,,"メイビーMEの西野みやびです！"
237,石原すずか,,"メイビーMEの石原すずかです！"
238,木内ゆうか,,"メイビーMEの木内ゆうかです！"
239,新庄愛,,"メイビーMEの新庄愛です！"
240,藤原奈穂,,"メイビーMEの藤原奈穂です！"
241,新藤まゆこ,,"コスメティックロボット(コスロボ)のまゆゆです💄🤖"
242,株式会社MATSURI,,"株式会社MATSURI公式ページです。"
243,Man.Div.2,,""
244,小出美里,,"小出美里です。私らしく楽しんでもらえる写真をあげていきたいです！Twitter:<a href="https://twitter.com/@KoideMisato" target="_blank">https://twitter.com/@KoideMisato</a>"
245,上福ゆき,1993年02月20日,"上福ゆき　かみーゆです hey this is kamiyu. I’ll send you back the pics with my original massages and signature. Enjoy the technological communication:)"
246,藤本さき〈Kolokol〉,,"ツイッター˚✧₊【<a href="https://twitter.com/sk_klkl" target="_blank">https://twitter.com/sk_klkl</a>】"
247,真嶋このみ〈Kolokol〉,,"Kolokol ( ᐡ ᵔᴥᵔ ᐡ ) "
248,高橋あきほ〈Kolokol〉,,"Kolokolの高橋あきほです！　TwitterのIDは記入してくれると助かります！🌹<a href="https://mobile.twitter.com/akh_klkl" target="_blank">https://mobile.twitter.com/akh_klkl</a> 🌹<a href="https://www.instagram.com/t__akiho/" target="_blank">https://www.instagram.com/t__akiho/</a>"
249,佳凪きの〈Kolokol〉,,"ころこるのよしなきのです　Twitter→<a href="https://twitter.com/kn_klkl" target="_blank">https://twitter.com/kn_klkl</a>"
250,桃瀬　あい,2002年05月07日,"桃瀬あいです！"
251,竹内舞,1993年08月31日,"SNSに載せない写真をお届けします❤︎舞が書くメッセージも愛情たっぷりやから他のヒトには見せたらいややよーっ"
252,鈴木千絵,1994年05月16日,"Twitter @chie_s516"
253,岡田佑里乃,1998年10月29日,""
254,望ノ城さえ,,"望ノ城の限定写真販売しちゃいます！！"
255,キツネプロジェクト,,"キツネプロジェクト 公式アカウント"
256,株式会社ジェネレートワン,,"株式会社ジェネレートワン公式アカウント"
257,小泉ぽーすけ,,""
258,黒瀬達哉【全力バトルボーイ】,,""
259,小泉ぽーすけ,,"よろしくお願いします"
260,.,,""
261,石井正宗　【全力バトルボーイ】,1997年08月29日,"ぜひ買っていってくれ"
262,加藤アリジュン,,""
263,SW!CH『AnN(あんな)』,,"おたのしみにっ☺︎︎"
264,志乃,,"GSG志乃です。我、薬職人ぞ。YouTube <a href="https://m.youtube.com/channel/UCJrNUt7k5jK-OIsXekkULMA?reload=9" target="_blank">https://m.youtube.com/channel/UCJrNUt7k5jK-OIsXekkULMA?reload=9</a> "
265,けんと,,""
266,五十嵐　百香,,"五十嵐百香ですっ！みんな限定写真チェックしてね♡心を込めてしっかり書きます！塩対応とよく言われますが文字だとちゃんと本心言えるタイプです( ｡･-･｡｀)"
267,けんと,1999年09月19日,""
268,SW!CH『MyN(まゆな)』,,"すいっちのまゆなです！"
269,せかいのりゅせ,1900年01月01日,"彼は誰時に投稿するらしいです"
270,SW!CH『FyK(ふゆか)』,,"えふわいけーです！桃が好きです！"
271,SW!CH『MnM(みなみ)』,,"赤と青混ぜると〜"
272,ユイ・グレース / I&#39;m Funny Fable.,,"I&#39;m Funny Fable.：imfunnyfable.jp / Twitter：@Yui_Fable / Instagram：@yui_fable / Link Core：<a href="https://www.tunecore.co.jp/artist/I&#39;m-Funny-Fable." target="_blank">https://www.tunecore.co.jp/artist/I&#39;m-Funny-Fable.</a>"
273,リリィ・ポッケ / I&#39;m Funny Fable.,,"I&#39;m Funny Fable.：imfunnyfable.jp / Twitter：@Lily_Fable / Instagram：@lil_p_fable / Link Core：<a href="https://www.tunecore.co.jp/artist/I&#39;m-Funny-Fable." target="_blank">https://www.tunecore.co.jp/artist/I&#39;m-Funny-Fable.</a>"
274,ホノ・ホイップ / I&#39;m Funny Fable.,,"I&#39;m Funny Fable.：imfunnyfable.jp / Twitter：@Hono_Fable / Instagram：@nyan._.hono / Link Core：<a href="https://www.tunecore.co.jp/artist/I&#39;m-Funny-Fable." target="_blank">https://www.tunecore.co.jp/artist/I&#39;m-Funny-Fable.</a>"
275,なんキニ！公式,,"なんキニ！ 公式アカウント"
276,SW!CH『AkR(あかり)』,,"SW!CHのあかりです！"
277,HiNANO_WEAR,,""
278,MANAMi_WEAR,,""
279,KOHANE_WEAR,2003年04月12日,"誕生日は4月12日です（大声）"
280,NATSUMi_WEAR,,"なつみぅぇぁᐡ - ﻌ • ᐡ <a href="https://mobile.twitter.com/natsumi_wear" target="_blank">https://mobile.twitter.com/natsumi_wear</a>"
281,KAGEHi_WEAR,,"ゲリラ＆告知時間にアップするよ(˘❥˘)！フォロー＆通知 よろしくお願いします(ᐡ •̥ ̫ •̥ ᐡ) <a href="https://twitter.com/KAGEHi_WEAR" target="_blank">https://twitter.com/KAGEHi_WEAR</a>"
282,CYAN_WEAR,,"WEARのちょっとシュッとしたシアンでつ！よろしくお願いしまつ！"
283,SW!CH 『AsU（あすか）』,,"最近ハマっているのは苺と味のりです。<a href="http://instagram.com/pinoco__asu" target="_blank">http://instagram.com/pinoco__asu</a>"
284,西尾穂乃花,,"MELTYHZ ⚡️ <a href="https://mobile.twitter.com/honoka_mhz" target="_blank">https://mobile.twitter.com/honoka_mhz</a>"
285,紅露リヒト,,"MELTYHZ"
286,灰谷スイ,,"MELTYHZ"
287,増田葵奈,,"MELTYHZ"
288,SW!CH『AsM(あさみ)』,,"1枚1枚心を込めて描かせて頂きます！宜しくお願いします☺︎"
289,兎味りら,,"MELTYHZの兎味りらです🍼"
290,矢野美優 @ メテオノミコン,,"MAPLE INC.所属/メテオノミコン → 5月からmaplez みょん 🤍Twitter : <a href="https://twitter.com/Miyuu_Metenon" target="_blank">https://twitter.com/Miyuu_Metenon</a> 🤍インスタ : <a href="https://www.instagram.com/myonple" target="_blank">https://www.instagram.com/myonple</a>"
291,西菜まな,1997年12月29日,"ときめきスパークリング🍝西菜まなです❤︎ <a href="https://mobile.twitter.com/nishina_mana" target="_blank">https://mobile.twitter.com/nishina_mana</a> "
292,流川 彩菜@メテオノミコン,,"MAPLE INC.所属/メテオノミコン ダンゴムシ‼️"
293,星名あずみ@メテオノミコン,,"MAPLE INC.所属 / メテオノミコン のほしなです🥱<br>Twitter‪‪‪‪❤︎‬<a href="https://mobile.twitter.com/azumi_metenon" target="_blank">https://mobile.twitter.com/azumi_metenon</a><br>Instagram‪‪❤︎‬<a href="https://www.instagram.com/hoshina_azumi/" target="_blank">https://www.instagram.com/hoshina_azumi/</a>"
294,株式会社パーフェクトミュージック,,"株式会社パーフェクトミュージック公式アカウント"
295,Real infection,,"Real infection公式アカウント"
296,MR株式会社,,"MR株式会社公式アカウント"
297,__,,""
298,キツネプロジェクト,,"キツネプロジェクト公式アカウント"
299,成瀬千咲,,"お写真に書き書き苦手ですが愛込めます✊🏻"
300,望ノ城さえ,,"MelodicMellowでアイドルしてます。"
301,れいな寿司,,"お寿司が好きなれいな寿司です。<a href="http://twitter.com/__reovo__" target="_blank">http://twitter.com/__reovo__</a>"
302,あんじゅちゃん,,"twitter→@a_pomchan"
303,星宮 ﾕ ｳ,,"@future_idol"
304,株式会社ILLUMINUS,,"株式会社ILLUMINUS公式アカウント"
305,唐澤ひかり_なんキニ！,2001年12月25日,"なんキニ！のひかりです🐹"
306,坂下雅_なんキニ！,2002年02月04日,"なんキニ！のみやびです！🐰🌸🤍 Twitter（@miyabi_nankini）"
307,永野澪緒_なんキニ！,2001年01月06日,"ながのみおです。なんキニ！です。"
308,髙橋瑞希_なんキニ！,1999年09月18日,"みじゅ~です( ´•̥_•̥` )中学生のとき美術部だったのに評定は２だったので期待はしないでください^_^でも心を込めてやってます！何卒！！"
309,ユイ・グレース / I&#39;m Funny Fable.,,"I&#39;m Funny Fable.：imfunnyfable.jp / Twitter：@Yui_Fable / Instagram：@yui_fable / Link Core：<a href="https://www.tunecore.co.jp/artist/I&#39;m-Funny-Fable." target="_blank">https://www.tunecore.co.jp/artist/I&#39;m-Funny-Fable.</a>"
310,リリィ・ポッケ / I&#39;m Funny Fable.,,"I&#39;m Funny Fable.：imfunnyfable.jp / Twitter：@Lily_Fable / Instagram：@lil_p_fable / Link Core：<a href="https://www.tunecore.co.jp/artist/I&#39;m-Funny-Fable." target="_blank">https://www.tunecore.co.jp/artist/I&#39;m-Funny-Fable.</a>"
311,馳川侑奈_なんキニ！,1998年09月12日,"なんキニ！の馳川侑奈(はせがわ ゆうな)です！あ〜何も可愛いこと言えなくてごめんなさい(´；ω；`)フォローすると幸せ届きます📮🌱"
312,仁科茉彩_なんキニ！,2000年05月08日,"なんキニ！のぴちぴち担当のまあやです😊"
313,株式会社A-LIGHT,,"株式会社A-LIGHT 公式アカウント"
314,小野寺綾音_なんキニ！,,"ねんねです🐿 写真に文字とかイラストかくの好きなので始めるのが楽しみです。通知ONにしてまっててね(^｡^)"
315,桃瀬 めぐ_bobup.,2001年12月25日,"ぼばっぷ @bobup_official ❤︎ 暇なのですぐ返せるのがめぐのいいところです( ˇωˇ )"
316,もも🎀,2001年04月25日,"お届けがんばります!！ にゅ〜わのももです🎀"
317,_,2001年02月04日,"_"
318,のゆり,2001年02月04日,"にゅ〜わ⛄️受け取ってください!!"
319,舞乃,1997年12月08日,"見てくれてありがと〜💖💖💖"
320,楽しいことで埋め尽くせ！春満開🌸プロジェクト,,"楽しいことで埋め尽くせ！春満開🌸プロジェクト 公式アカウント"
321,株式会社 オフィス タカタニ,,"株式会社 オフィス タカタニ公式アカウント"
322,あ,,""
323,TAICHI【VELLE.J】,1994年01月22日,"ポテト大好きたいちですよ！！みんなでコロナ乗り切るぞ！！我輩からの色んな写真とメッセージで元気だしていこう！！いける？いける！！！Twitter→@VELLE_taichi Instagram→@t_____vj"
324,KAZUYA【VELLE.J】,1995年02月28日,"Twitter→VELLE_kazuya Instagram→kazuyavelle.j"
325,Ryowook【VELLE.J】,1994年05月20日,"元twenty4-7 MEプロデュース2016.3.25「VELLE.J」結成 スーパーハイトーンボイス リョウクです！Twitter→@VELLE_ryowook Instagram→ velle_ryowook"
326,YUSUKE【VELLE.J】,1995年01月09日,"ゆすけです。 Twitter→VELLE＿yusuke Instagram→yusuke_vellej"
327,椎名莉嘉,,"不器用だけど、、心を込めてお届けします💌 Stella☆Blue #ステブル"
328,東條明日華,1999年09月05日,"あなたのためにがんばります🎨✍💕 Stella☆Blue(ステブル)"
329,櫻木保乃花,2000年06月02日,"メッセージとウサギの絵をたくさん書きます🐰💌💕 Stella☆Blue（ステブル🌟）"
330,、,,"、"
331,サンプル,,""
332,,,""
333,森宮あい_bob up.,,"ぼばっぷという名前のアイドルしてます‎ᐡˊﻌˋᐡ最近ハリネズミお家にお迎えした"
334,天野名雪,,"MAPLE INC.所属 Nayuki Amano ［Twitter］<a href="https://twitter.com/7yuki_amano" target="_blank">https://twitter.com/7yuki_amano</a> ［Instagram］<a href="https://www.instagram.com/07yuki_amano/" target="_blank">https://www.instagram.com/07yuki_amano/</a>"
335,音羽かのん_bob up.,2000年02月02日,"bob up.(ぼばっぷ)というグループでアイドルしてます！！ねことアニメがすきです(*´-`*)オタクです٩( ᐛ )و "
336,Spica株式会社,,"Spica株式会社 公式アカウント"
337,株式会社フルゴリラ,,"株式会社フルゴリラ公式アカウント"
338,小宮山薫,1981年01月23日,"株式会社ILLUMINUS"
339,千歳ゆう,,"毎日、皆のために散歩します❣️よかったらCheckしてください😳💓<a href="https://twitter.com/kirakira_power0" target="_blank">https://twitter.com/kirakira_power0</a>"
340,千歳ゆう,,"女優(<a href="https://twitter.com/kirakir_power0)" target="_blank">https://twitter.com/kirakir_power0)</a>"
341,千歳ゆう,,"女優(<a href="https://twitter.com/kirakir_power0)" target="_blank">https://twitter.com/kirakir_power0)</a>"
342,ゆめみー(FaM),,"<a href="https://mobile.twitter.com/FaM_yumemi" target="_blank">https://mobile.twitter.com/FaM_yumemi</a>"
343,えむ(FaM),,"twitter.com/FaM_emu"
344,tawa,,"<a href="https://mobile.twitter.com/fam_tawa" target="_blank">https://mobile.twitter.com/fam_tawa</a>"
345,星名ふみみ（ワールズエンド。）,,"ワールズエンド。／あたおかレッドのリーダーさん❤︎／Twitter@worlsendfumimi／<a href="https://twitter.com/worlsendfumimi" target="_blank">https://twitter.com/worlsendfumimi</a>／MITSUMESESSION所属"
346,星名ふみみ,,"違います"
347,深月かおり(ワールズエンド。),,"ワールズエンド。の青<a href="https://twitter.com/worlsendkaori" target="_blank">https://twitter.com/worlsendkaori</a>"
348,柊木あいな(ワールズエンド。),,"<a href="https://twitter.com/worlsendaina" target="_blank">https://twitter.com/worlsendaina</a> /MITSUME SESSION 所属"
349,星島ゆい(ワールズエンド。),,"ワールズエンド。の白 ／ twitter：@worlsendyui <a href="https://twitter.com/worlsendyui" target="_blank">https://twitter.com/worlsendyui</a>"
350,日南りと（ワールズエンド。）,,"ワールズエンド。むらさき˘•  ̫ •˘<a href="http://twitter.com/worlsendrito" target="_blank">http://twitter.com/worlsendrito</a>"
351,二瀬ひなた(ワールズエンド。),,"ワールズエンド。の二瀬ひなたです。お酒をよく飲んでます。<a href="https://twitter.com/worlsendhinata" target="_blank">https://twitter.com/worlsendhinata</a>"
352,百瀬あぐり(ワールズエンド。),,"ワールズエンド。<a href="http://twitter.com/worlsendaguri" target="_blank">http://twitter.com/worlsendaguri</a>"
353,久留あずさ(ワールズエンド。),,"ワールズエンド。/Twitter: @worlsendazusa <a href="https://twitter.com/worlsendazusa/" target="_blank">https://twitter.com/worlsendazusa/</a> MITSUME SESSION所属"
354,是枝優美,1995年12月26日,"MyDearDarlin&#39;"
355,うえのゆみ,,"舞台女優をやっています＊ILLUMINUS所属"
356,咲真ゆか,1998年04月01日,"MyDearDarlin’の黄色担当🐻"
357,うえのゆみ,,"舞台女優をやっています＊ILLUMINUS所属"
358,きよりん (u.),2001年05月14日,"🇯🇵🇹🇼18歳、u.(ゆー)って言うグループアイドル活動してます。🌸2020/2/24デビューしました。 💡ツイッター🌸<a href="https://twitter.com/kiyorin__u/status/1247796759553695744?s=21" target="_blank">https://twitter.com/kiyorin__u/status/1247796759553695744?s=21</a>💡instagram🌸<a href="https://www.instagram.com/yo.cie" target="_blank">https://www.instagram.com/yo.cie</a> 飛んでくれたら嬉しい✨"
359,谷茜子,,"声優・舞台役者を中心に活動しております。お芝居は生き甲斐。ゲームは呼吸。CLAMP大先生は生きるメシア。宜しくお願いいたします。Twitter: <a href="https://mobile.twitter.com/akkanneeee" target="_blank">https://mobile.twitter.com/akkanneeee</a> 🌸 Instagram: <a href="https://www.instagram.com/akane.5.6/" target="_blank">https://www.instagram.com/akane.5.6/</a>"
360,仲原 芙海,,""
361,雅城くるみ,,""
362,出久根さな（u.）,2002年07月02日,"u.（ゆー）のメンバー<br>現役高校3年生2月24日にデビュー<a href="https://mobile.twitter.com/sana___u" target="_blank">https://mobile.twitter.com/sana___u</a>"
363,,,""
364,菅谷夏子,,"キャンディzoo、ペリカン担当"
365,R,,""
366,朝日向凜（u.）,2000年04月26日,"2020.2.24にデビューしました、u.（ゆー）の朝日向凛です！🌟Twitter▶️<a href="https://twitter.com/Rin____u/" target="_blank">https://twitter.com/Rin____u/</a> Instagram▶️<a href="https://instagram.com/asahinarin_/" target="_blank">https://instagram.com/asahinarin_/</a>"
367,篠崎麗,2001年05月16日,""
368,木村あやの (u.),2001年11月15日,"2/24デビューのアイドルグループ、u. (ゆー)で活動しています！ 茨城県育ちの18歳、木村あやのです🐰💕 Twitter (@Ayano___u) と、 Instagram (@ayano___u) も見てね🥺 <a href="https://twitter.com/Ayano___u" target="_blank">https://twitter.com/Ayano___u</a>"
369,ぱん1,2001年11月15日,""
370,ぱん3,2001年11月15日,""
371,櫻井まい,,""
372,水城梓,2000年04月04日,"MyDearDarlin&#39; アクアブルー担当の水城梓です！"
373,妃咲ななか,,""
374,叶井 みるか,,""
375,百千もね,,"夢幻クレッシェンドのももせもねﾁｬﾝです。お絵描きは得意だよ"
376,東條ゆりあ,2002年04月24日,""
377,黒木莉奈🍓ベリベリ,,"Very Very Red Berry 黒木莉奈です！卒業する期間までになります！フォローと通知よろしくお願いします！"
378,さくらりおん🐶夢幻クレッシェンド,,"こんにちは！おなかがすいたかな？<a href="https://mobile.twitter.com/rion_rize" target="_blank">https://mobile.twitter.com/rion_rize</a>"
379,,,""
380,朝比奈もも / 夢幻クレッシェンド,,"写真がんばる！！可愛くデコるの得意だよ💗"
381,櫻井優衣,2000年02月21日,"MyDearDarlin&#39;のホワイト担当<br>櫻井優衣（さくらい ゆい）です💫<br><br>ONLYFIVEだけのオフショット♡<br><br>色んな系統の自撮り屋さんです〜♡<br><br>綺麗な写真を心がけてます♡是非♡<br><br>Instagram🌟 <a href="https://www.instagram.com/y_s0221.7/" target="_blank">https://www.instagram.com/y_s0221.7/</a><br>Twitter🌟 <a href="https://mobile.twitter.com/mydear2020_y" target="_blank">https://mobile.twitter.com/mydear2020_y</a><br><br>フォローしてね♡"
382,空叶るり,2001年03月06日,"るりちゃんコレクション @ruri_rize"
383,新山 なつか（u.）,,"2020.2.24デビュー💗！u.(ゆー)として活動している新山 なつか(にいやま なつか)です✨Twitterもやっているので是非チェックしてみてください🙌🏻 <a href="https://mobile.twitter.com/Natsuka___u" target="_blank">https://mobile.twitter.com/Natsuka___u</a>"
384,うだちゃん,,"夢幻クレッシェンド 赤色 Twitter@udachan_yumecre ナチュかわテイスト!!"
385,株式会社LaP,,"株式会社LaP 公式アカウント"
386,株式会社ベリーベリープロダクション,,"株式会社ベリーベリープロダクション 公式アカウント"
387,株式会社we-B studios,,"株式会社we-B studios 公式アカウント"
388,夢幻クレッシェンド　鈴永りさ,,"りっさだよ〜きいろちゃん @risa_yumecre"
389,津野美里,,""
390,木南むぎ,,""
391,橋本りょうか,,""
392,星乃夏未,,"VeryVeryRedBerryの星乃夏未です(◡̈)/"
393,松本玲奈,2002年10月05日,"あ"
394,立花菜波@SKIRMISH,,""
395,baby @ SKIRMISH,,""
396,baby,,""
397,高橋友里,,"Twitter @yurigxxxg"
398,海老原みあ,,"えびはらだよ~~"
399,poipoiakane,1995年01月23日,"ぽいさんです💖宜しくお願いします！<a href="https://instagram.com/poipoiakane/" target="_blank">https://instagram.com/poipoiakane/</a> <a href="https://mobile.twitter.com/poisan0123" target="_blank">https://mobile.twitter.com/poisan0123</a>"
400,えりぽん,1995年03月18日,"ぽぽぽーい！"
401,岡本麗愛（u.）,,"アイドルグループ「u.（ゆー）」の岡本麗愛（おかもとれな）です◡̈　チャームポイントは八重歯、特技は太鼓🌟twitter☁️ <a href="https://twitter.com/Rena___u" target="_blank">https://twitter.com/Rena___u</a> "
402,水島 杏【ベリベリ】,,"Very Very Red Berry 水島杏です！"
403,アズ・エンタテイメント合同会社,,"アズ・エンタテイメント合同会社 公式アカウント"
404,佐藤麗花,,""
405,農海姫夏,1998年07月03日,"instagram▶︎ <a href="https://www.instagram.com/hina_noumi/?hl=ja" target="_blank">https://www.instagram.com/hina_noumi/?hl=ja</a> Twitter▶︎ <a href="https://mobile.twitter.com/nannansmile73" target="_blank">https://mobile.twitter.com/nannansmile73</a>"
406,衣笠アメリ（OUTSKIRTS）,,"OUTSKIRTS（アウスカ）のあめちゃんだよ〜^_^！ゲリラ投稿もあるので通知取ってたほうがいいんじゃない？？ねえ？？"
407,株式会社イルカ,,"株式会社イルカ 公式アカウント"
408,巫凪かみゅう（OUTSKIRTS）,,"OUTSKIRTSの🥝さん、甘酸っぱくて、美味しいんだって🤤フォロー&amp;通知よろしくお願いします🙋🏻‍♂️"
409,佐藤麗花,,""
410,恋泉ひなりSKIRMISH,,""
411,リリー楽綺団【公式】,2019年07月04日,"『リリー楽綺団』（愛称：リリ団）の公式アカウントです。2019.7.4デビュー！綺更（vo）・瑞月（vo）・SAiRah（key）・るいしゃむ（dr）・natsu（gt）・コトネ（ba）による6人組ガールズバンド"
412,西崎陽香（OUTSKIRTS）,,"OUTSKIRTSの西崎陽香です。"
413,SAiRah@リリー楽綺団,,"リリー楽綺団　key. ／サイラと呼んでください／好きなもの⇒アニメ・ジブリ・魚(食べる)・メイク・自然"
414,るいしゃむ@リリー楽綺団,,"リリー楽綺団 Drumです。お煎餅すきです。 猫様すきです。Twitter→twitter.com/lilidan_ruisiam 所属:DEARSTAGE"
415,綺更@リリー楽綺団,,""
416,瑞月@リリー楽綺団,,"ディアステージ所属/vo."
417,山田ゆとり@SKIRMISH,,"<a href="https://twitter.com/skirmish_y" target="_blank">https://twitter.com/skirmish_y</a>"
418,アラキナナコ,,""
419,コトネ@リリー楽綺団,,"リリー楽綺団　ベース担当"
420,あかり,,"よろしくお願いします"
421,鈴川りか(ラルムーン),,"鈴川りかです"
422,南まな（ラルムーン）,,"Twitter @mana_larmoon Instagram @minami_mana"
423,双葉ゆり(ラルムーン),,"ふたばゆり！"
424,natsu@リリー楽綺団,,"純京都産のギタリスト🎸"
425,天木じゅん,,"天木じゅんのアカウントです！入れて欲しい名前も添えてくださいね♡"
426,ぽぽちゃん,,""
427,瑞月@リリー楽綺団❷,,"!このアカウントです!"
428,株式会社PanamaHat,,"株式会社PanamaHat 公式アカウント"
429,株式会社ACT21,,"株式会社ACT21 公式アカウント"
430,英莉 / SOL,,""
431,桃瀬まな(MerryCute),,"MerryCute(@MerryCuteO)のピーチ色担当🍑きみのかのじょです 2020.7.4 卒業ワンマン"
432,カナヤマイッコウ,,""
433,日和まいMerryCute,,"MerryCuteアプリコット色（薄オレンジ色）担当、アニメが大好きな まいめん こと 日和まい です☀️ コスプレ好きです🐶太陽みたいな存在になりたいのです🌻ワンマンライブありがとうございました💕"
434,白藤まりえ(MerryCute),,"MerryCute研修生、パールパープル色担当💜うさぎが大好きな白藤まりえです🐰"
435,望月さあや / ASTROMATE,2000年09月09日,"ASTROMATE / 島根県出身 / よろしくお願いします^_^♡"
436,結川まひろ/ASTROMATE,2000年09月23日,"大阪府出身 こんにちは"
437,本田夏実 ASTROMATE,,""
438,早崎友理 ASTROMATE,,""
439,永井すみれ,1995年07月13日,"ゴッドタンにtruthのメンバーとして出演中。園子温監督映画『愛なき森で叫べ』しょーこ役。グラビアアイドルのすみすみです٩(๑❛ᴗ❛๑)۶Twitter ＠nagaisumire"
440,佐藤はんな ASTROMATE,2000年07月04日,""
441,鎌沢朋佳,,"練馬のハッピービッチこと鎌沢朋佳です！いいお写真お届けできるよう頑張りまーす♡よろしくお願いします♪"
442,かなひょん♡林加奈子,1993年12月14日,"🇯🇵 actress / 26 / 奈良出身<br>🙋🏻C CHANNEL<br>📰 初代ミス 夕刊フジ 2020 特別賞👑<br>📺 ABCテレビ 「ザキ山小屋」山ガール"
443,.,,""
444,.,1900年01月01日,""
445,株式会社Forecast,,"株式会社Forecast公式アカウント"
446,岡本尚子（なおぽん）,,"岡本尚子です！みんなよろしくー！"
447,高崎かなみ（かなみん）,,"高崎かなみのページです♪"
448,ゆうとちゃん,1999年06月10日,"ゆうとちゃんだよ\(//∇//)\"
449,株式会社カウジール,,"株式会社カウジール 公式アカウント"
450,辻菜月 （タートルリリー）,1999年02月20日,"タートルリリー(かめリリ)の辻菜月です！ よろしくお願いします。Twitter ♥ <a href="http://twitter.com/tsuji_natsuki" target="_blank">http://twitter.com/tsuji_natsuki</a> Instagram ♥ <a href="http://Instagram.com/tsuji__natsuki" target="_blank">http://Instagram.com/tsuji__natsuki</a>"
451,赤崎 りか (タートルリリー),1999年03月10日,"タートルリリー(かめリリ)ミントグリーン担当です👗💚 Twitter→<a href="https://twitter.com/Akazaki_rika" target="_blank">https://twitter.com/Akazaki_rika</a>"
452,木村あすか　タートルリリー,,"18さい大学もアイドルも1年目🌸　　　　　Twitter→<a href="https://twitter.com/kimura___asuka" target="_blank">https://twitter.com/kimura___asuka</a> Instagram→<a href="https://instagram.com/kimura___asuka" target="_blank">https://instagram.com/kimura___asuka</a>"
453,清藤恵(タートルリリー),2001年09月11日,"18歳。きよどうめぐみです🍊タートルリリーというアイドルグループで活動してます🐢Twitter→<a href="https://twitter.com/Kiyodo_megumi" target="_blank">https://twitter.com/Kiyodo_megumi</a>"
454,有川奏絵(タートルリリー),2001年04月24日,"『タートルリリー』というグループでアイドルをしています🐢Twitter→ <a href="https://twitter.com/Arikawa__kanae" target="_blank">https://twitter.com/Arikawa__kanae</a>　　　　Instagram→ <a href="http://instagram.com/arikawa__kanae" target="_blank">http://instagram.com/arikawa__kanae</a> 18歳☺︎"
455,株式会社Ring-O,,"株式会社Ring-O 公式アカウント"
456,涼井綾乃(One Side Game),1995年08月05日,"OneSideGame(ワンサイドゲーム)すずいあやのです✨ SNSのフォローよろしくお願いします❤︎<a href="https://mobile.twitter.com/ayanonnon85" target="_blank">https://mobile.twitter.com/ayanonnon85</a> <a href="https://www.instagram.com/suzui_non" target="_blank">https://www.instagram.com/suzui_non</a>"
457,株式会社ジャストプロ,,"株式会社ジャストプロ 公式アカウント"
458,HAKU,,""
459,AKI(WAAARZ),,"わーずの赤髪赤担リーダーのわんわんです。mobile.twitter.com/aki__waaarz"
460,HAYATO,,"WAAARZの黄色担当です⭐️ 【Twitter】<a href="https://mobile.twitter.com/hayato_waaarz" target="_blank">https://mobile.twitter.com/hayato_waaarz</a>【Instagram】<a href="https://www.instagram.com/hayato_waaarz/" target="_blank">https://www.instagram.com/hayato_waaarz/</a>"
461,りゅう【WAAARZ】,,""
462,ヴィスカエンターテイメント株式会社,,"ヴィスカエンターテイメント株式会社 公式アカウント"
463,こはる_SOL,,""
464,ゆうり / SOL,,""
465,かすみ / SOL,,""
466,雪季 / SOL,,""
467,HAWHA MUSIC RECORDS,,"HAWHA MUSIC RECORDS 公式アカウント"
468,笹平奈那(OneSideGame ),1998年08月06日,"ささひらななです☺︎　　Twitter→@nana_sasahira Instagram→@nana_sasahira"
469,こはる / SOL,,""
470,桜木さや（One Side Game）,1994年04月21日,"One Side Game♡ワンサイドゲーム新メンバーのさやです♥️ よろしくお願いします☺️ Twitter&gt;&gt;&gt;&gt; <a href="https://twitter.com/_saya421_" target="_blank">https://twitter.com/_saya421_</a> Instagram&gt;&gt;&gt;&gt; <a href="https://twitter.com/_saya421_" target="_blank">https://twitter.com/_saya421_</a> "
471,たくろう,,"First Fl∞rのリーダー黄色🐤Twitter▷@takuro_1f🐤Instagram▷<a href="https://www.instagram.com/takuro_1f" target="_blank">https://www.instagram.com/takuro_1f</a>🐤TikTok▷<a href="https://vt.tiktok.com/MEjCFA/" target="_blank">https://vt.tiktok.com/MEjCFA/</a>"
472,ゆいざらす,,"<a href="https://twitter.com/toricera_top0" target="_blank">https://twitter.com/toricera_top0</a>　ゆいざらすです かわいいです"
473,じんかくんさん,2020年11月07日,"5次元　"
474,ロックスエンタテインメント合同会社,,"ロックスエンタテインメント合同会社 公式アカウント"
475,ニノマエガク(Sanity-Bombs.),2020年01月06日,"ニノマエガクです。Sanity-Bombs.の赤担当で、殺陣とかアクション、演劇、桃がすき。基本特別な写真だけ販売してます！見てくれるだけですき"
476,れいきゅん,,""
477,ゆーじ_First Fl∞r,,"ふぁーすとふろあ白担当/柳木雄志/歌い手（ゆじ）/175cm/🤡"
478,森　建人 Sanity-Bombs.,1994年05月17日,"Twitter➡️ @369Scandal Instagram➡️sanity bombs.mk"
479,田口悠人,1998年07月18日,"Twitter⇨<a href="https://mobile.twitter.com/yuchan151515" target="_blank">https://mobile.twitter.com/yuchan151515</a> / Instagram⇨<a href="https://www.instagram.com/_1gerbera1_/" target="_blank">https://www.instagram.com/_1gerbera1_/</a>"
480,東山あやの🍀シェアラー,,"シェアラー🍀ピンク担当❋東山あやのです☺︎︎︎︎Twitter→ <a href="https://mobile.twitter.com/ayano_811?ref_src=twsrc%5Egoogle%7Ctwcamp%5Eserp%7Ctwgr%5Eauthor" target="_blank">https://mobile.twitter.com/ayano_811?ref_src=twsrc%5Egoogle%7Ctwcamp%5Eserp%7Ctwgr%5Eauthor</a> Instagram→ <a href="https://www.instagram.com/ayanon_gram/" target="_blank">https://www.instagram.com/ayanon_gram/</a>"
481,谷口涼,1997年03月06日,"Sanity-Bombs.黄色担当　アイドルらしくないアイドル目指します"
482,栗山さとみ🍀シェアラー,1998年09月23日,"シェアラー 水色担当🦋 <a href="https://twitter.com/_sattan98_" target="_blank">https://twitter.com/_sattan98_</a>"
483,吉奈波🍀シェアラー,,"アイドルグループシェアラーオレンジ担当の吉奈波です🍊 <a href="https://twitter.com/yonananan_" target="_blank">https://twitter.com/yonananan_</a>ㅤㅤㅤㅤㅤㅤ<a href="https://www.instagram.com/yonananan_/" target="_blank">https://www.instagram.com/yonananan_/</a>"
484,ニコラス,,""
485,椿木こうめ_シェアラー,,""
486,れん,,"はんぐおーばーのぴんく🍑🍑Instagram→→<a href="http://Instagram.com/hitasuraren9" target="_blank">http://Instagram.com/hitasuraren9</a> 🍑Twitter→→<a href="https://mobile.twitter.com/yomenaren_HO" target="_blank">https://mobile.twitter.com/yomenaren_HO</a>"
487,小原一華🍀シェアラー,,"アイドルグループ『シェアラー』所属。color:白 Twitter▶︎<a href="http://twitter.com/ohara_ichika" target="_blank">http://twitter.com/ohara_ichika</a>"
488,雛森つばめ🍀シェアラー,,"シェアラー赤担当　雛森つばめです！Twitter⇨雛森つばめで検索してください！！"
489,ちゃんひ,,"Twitter→@_h_i_sss インスタ→hibiki_x.x"
490,なまさん,,"@rpp_mana"
491,水希綾音🍀シェアラー,,"シェアラーというアイドルグループで活動中！振り付け担当リーダーしてます！"
492,香坂星奈🍀シェアラー,,"シェアラー新メンバー紫色担当のこうさかせなです！<a href="https://twitter.com/kosaka_sena" target="_blank">https://twitter.com/kosaka_sena</a>"
493,Yui Kobayashi,1997年01月20日,"初めまして！小林由依です。よろしくお願いします😊<a href="http://instagram.com/yui.minny.now" target="_blank">http://instagram.com/yui.minny.now</a>"
494,ちぱぴんく。,1994年08月26日,""
495,株式会社 twelve,,"株式会社 twelve 公式アカウント"
496,EITO【WAAARZ】,,"皆さんご存じWAAARZのメンヘラパープルEITOです🔮僕の写真どうぞ可愛い可愛いしてください🤐これだけで生きてます。Twitter&amp;Instagram：eito_waaarz"
497,沖田澪,,"モデル歴10年、レポーターなど司会歴5年目です！英語通訳や日本全国めぐりながら作品撮りなどもしています。グラビアはデビューしたてですが、宜しくお願い致します。"
498,篠原栞那,,"篠原栞那です！OnlyFiveはじめたよ！"
499,株式会社ULTRADIRECT,,"株式会社ULTRADIRECT公式アカウント"
500,音此望いのり（DollyKiss）,,"❤︎DollyKissの青色担当のいのりんです！！"
501,卯ノ花うさぎ(DollyKiss),,"Dolly Kissのオレンジ担当！卯ノ花うさぎです！Twitterは@usap_dollykissです！毎日SHOWROOM配信してます♡♡タロット占いが得意で、たまにタロットリーディング配信やってます◡̈⃝︎⋆︎"
502,鈴森ゆりあ(DollyKiss),,"DollyKiss鈴森ゆりあです(..◜ᴗ◝..)【Twitter@yuria_dollykiss】"
503,湯井のん(DollyKiss),,""
504,乃井りこ(DollyKiss),,"DollyKiss 黄色担当 乃井りこ（りたん）みんなに幸せ届けられるようにいっぱい描くぞ～～！"
505,.,1900年01月01日,""
506,松脇朱里,1998年09月21日,"あかりんごこと松脇朱里ですっ♡あかりんごのこと好きにな～れ！！"
507,TAKAHARU,1992年03月28日,"Twitter 【xxtakaxx0】"
508,INUWASI - OFFICIAL,2020年02月09日,"犬と鷲の融合 ｰ 「ハイブリッドラプター」ｰ 2020.2.9 に にくしみ と共に誕生 / イヌワシ / Twitter：<a href="https://twitter.com/INUWASI_O" target="_blank">https://twitter.com/INUWASI_O</a> / OFFICIAL：<a href="http://inuwasi.jp/" target="_blank">http://inuwasi.jp/</a>"
509,NEMURIORCA - OFFICIAL,2018年12月01日,"NEMURIORCA公式アカウントです。 / 5月9日(土)@SELENE b2 2nd Rescue 「 神 聖 ね む り 帝 国 」開催 / 公式HP→<a href="http://nemuriorca.jp/" target="_blank">http://nemuriorca.jp/</a> 公式YouTubeチャンネル→<a href="https://www.youtube.com/channel/UCLK7IA3R2BUNBeo_4gtU-wg" target="_blank">https://www.youtube.com/channel/UCLK7IA3R2BUNBeo_4gtU-wg</a> / LinkCore(音源はこちら)→<a href="https://linkco.re/0D1Ep2cy" target="_blank">https://linkco.re/0D1Ep2cy</a> #NEMURIORCA #ネムリオルカ "
510,閃光乱華,,"閃光乱華 公式アカウント"
511,合同会社ラピール,,"合同会社ラピール 公式アカウント"
512,花園ぴあの,1995年02月10日,"よろしくお願いします(∩´｡ɞ̴̶̷﹏ɞ̴̶̷｡`∩)‪‪❤︎‬"
513,白木莉帆（タートルリリー）,1999年11月11日,"タートルリリーの白木莉帆です。 Twitter→<a href="https://twitter.com/@shiraki_riho" target="_blank">https://twitter.com/@shiraki_riho</a> TikTok→「白木莉帆」Instagram→ <a href="https://www.instagram.com/shiraki_riho" target="_blank">https://www.instagram.com/shiraki_riho</a>"
514,京也　閃光乱華,,""
515,閃光乱華かける,,"メンズアイドル閃光乱華みずいろ担当かけるです😁よろしくね‼️"
516,環葵 閃光乱華,,"たまきさんです"
517,京也　閃光乱華,,""
518,えんじぇるしゅん,,"いけめんむらさきですっ"
519,平野こはる,2002年09月16日,"クラスター候補生平野こはるです🐧 Twitter→<a href="https://twitter.com/koharu_hirano" target="_blank">https://twitter.com/koharu_hirano</a>"
520,中本賢斗,1998年03月28日,"にょーーん"
521,奏 怜花🌷(はた れいか),1999年12月13日,"ニコニコ♡SWEET ピンク担当🌷"
522,有馬拓海,,""
523,上田魅来,2002年05月20日,"GSG所属の上田みらいです！ゲームしてます！Twitter→<a href="https://twitter.com/mi5ra2i0?s=20" target="_blank">https://twitter.com/mi5ra2i0?s=20</a>　是非ご覧ください！"
524,夏野遥香,,"株式会社CLUSTAR.の候補生夏野遥香です！"
525,黒住崇,1993年12月13日,""
526,遊馬　りか,,"はじめまして！地獄まで30センチに所属してるホワイト担当遊馬りか（あすまりか）です❤︎<br>Twitter→twitte.com/rika_asuma070_"
527,久遠翼,1995年05月18日,"H@ng_oveR 緑"
528,Al!ce,,"地獄まで30センチ候補生<a href="https://twitter.com/alice_atme" target="_blank">https://twitter.com/alice_atme</a>"
529,株式会社SLUMZEAL,,"株式会社SLUMZEAL 公式アカウント"
530,Wakita keiko,1992年07月23日,""
531,（株）マッドマガジンレコード,,"（株）マッドマガジンレコード 公式アカウント"
532,XPLACE,,"XPLACE 公式アカウント"
533,田口悠人-サニボム-,1998年07月18日,"Instagram⇨<a href="https://www.instagram.com/_1gerbera1_/" target="_blank">https://www.instagram.com/_1gerbera1_/</a>　Twitter⇨<a href="https://mobile.twitter.com/yuchan151515" target="_blank">https://mobile.twitter.com/yuchan151515</a>"
534,STELLABEATS 中山みなみ,,"中山みなみ(なかやまみなみ)<br><br>Twitter @Stella_n373<br>【@stllabeats2014】みかん色担当<br><br>Instagram【Instagram.com/stella_n373】<br>"
535,STELLABEATS 石原花鈴,,"石原花鈴(いしはらかりん)<br><br>Twitter @Stella_Karinn<br><br>STELLABEATS(💛)「@stellabeats2014」<br><br>🌼TikTok⇒vt.tiktok.com/JHvroF/17歳<br><br>instagram.com/Stella_karinn"
536,ユメイチャン(the mishmash),,"the mishmashのユメイチャンです🌃Twitterのアカウントを名前に貼ってくれると嬉しいです！Twitter▶︎ <a href="https://twitter.com/yumei_mishmash" target="_blank">https://twitter.com/yumei_mishmash</a> インスタ▶︎ <a href="https://www.instagram.com/yumei_mishmash" target="_blank">https://www.instagram.com/yumei_mishmash</a>"
537,キョウカラヤマダ(the mishmash),,"the mishmashのキョウカラヤマダです🕺Twitter: <a href="https://twitter.com/yamada_mishmash" target="_blank">https://twitter.com/yamada_mishmash</a>"
538,STELLABEATS 宮園奈那,,"宮園奈那(みやぞのなな)<br><br>Twitter @Stella_m77<br><br>STELLABEATS(@stellabeats2014)❤️赤色<br><br>Instagram▷『instagram.com/nanchan_95』"
539,ミスエミリ(the mishmash),,"the mishmashのミスエミリです✌︎☺︎︎<br>Twitter▶<a href="https://twitter.com/emily_mishmash" target="_blank">https://twitter.com/emily_mishmash</a><br>Instagram▶<a href="https://www.instagram.com/emily_mishmash" target="_blank">https://www.instagram.com/emily_mishmash</a>"
540,STELLABEATS 北野眞夢萌,,"STELLABEATS💗北野眞夢萌(きたの まゆほ)<br><br>Twitter @Stella_Mayuho<br><br>Instagram instagram/mayuho_k/"
541,ノシロシノ(the mishmash),,"the mishmashのノシロシノです<a href="https://twitter.com/shino_mishmash" target="_blank">https://twitter.com/shino_mishmash</a>"
542,株式会社CGE,,"株式会社CGE 公式アカウント"
543,たま@猫の隠れ家,,"<a href="https://twitter.com/tama_nekonoka" target="_blank">https://twitter.com/tama_nekonoka</a>"
544,株式会社リアレーション,,"株式会社リアレーション 公式アカウント"
545,みお(地獄まで30センチ),,"Twitter⇒(@jgsn_mio) インスタ⇒(@miochi_jgk)地獄まで30センチというアイドルグループに所属してます。"
546,シユ@娘娘美苑,,""
547,藤堂ラナ@娘娘美苑,,""
548,Honami,,"ほなみです^ ^仲良くしてね♪insta→ <a href="https://www.instagram.com/p/Bsx5KwpnAgD/" target="_blank">https://www.instagram.com/p/Bsx5KwpnAgD/</a> twitter→ <a href="https://mobile.twitter.com/honamin1127" target="_blank">https://mobile.twitter.com/honamin1127</a>"
549,兎イ@娘娘美苑,,""
550,（株）セブンスキングダム,,"（株）セブンスキングダム 公式アカウント"
551,なお@浪漫亭,,""
552,小萌@浪漫亭,,""
553,ももな@浪漫亭,,"<a href="https://mobile.twitter.com/roman_mmn" target="_blank">https://mobile.twitter.com/roman_mmn</a>"
554,りん@浪漫亭,,"浪漫亭のりんです🐼 Twitter ( @_roman_rin )"
555,るみな@浪漫亭,2001年03月27日,""
556,白石友梨_KATA☆CHU,,"ᐡ｡• ·̫ •｡ᐡ"
557,,,""
558,横山栞_KATA☆CHU,2000年07月01日,""
559,ビビ@娘娘美苑,,""
560,ゆず,,""
561,真城りま,,"真城りまです"
562,ひぃちゃん@秋葉亭,,"巫女喫茶⛩秋葉亭にいる巫女さんです🦊"
563,黒崎さくら,,"<a href="https://www.instagram.com/0v0_kuro" target="_blank">https://www.instagram.com/0v0_kuro</a>"
564,耀@娘娘美苑,,""
565,鈴木ことね,,"鈴木ことねです！よろしくお願いします！"
566,ゆう@秋葉亭,,"<a href="https://mobile.twitter.com/Yuu_aj" target="_blank">https://mobile.twitter.com/Yuu_aj</a>"
567,美坂みさ,,"#f606のプロデューサー美坂みさ⸜❤︎⸝‍ Twitter@Misa_f606"
568,おもち@秋葉亭,,"<a href="https://twitter.com/omochi_aj" target="_blank">https://twitter.com/omochi_aj</a>"
569,Jumping Kiss,,""
570,矢新 愛梨(One Side Game),1998年08月04日,"One Side Game♡ワンサイドゲームの矢新愛梨です🙂🙃！【Twitter】<a href="https://mobile.twitter.com/y_airi_0804" target="_blank">https://mobile.twitter.com/y_airi_0804</a> 【Instagram】<a href="https://www.instagram.com/y_airi_0804/" target="_blank">https://www.instagram.com/y_airi_0804/</a>　フォローしてね🐩💕"
571,唯一ゆに,,"ﾊｰｲ❕#f606 唯一ゆにです❕ｺﾝﾆﾁﾊ~❕❕Twitter: @Yuni_f606"
572,つかさ@秋葉亭,,"ぜんぶに手書きのデジタルメッセージがつきますので宛ててほしいニックネームにしていただいたり名前の横にTwitter IDなどあると助かります🤲🏻🤲🏻おいらのTwitter@tsukasa_aj"
573,あお@秋葉亭,,"あおちゃんです"
574,ちょこ@秋葉亭,,"<a href="https://mobile.twitter.com/chocoo_aj" target="_blank">https://mobile.twitter.com/chocoo_aj</a>"
575,あお@秋葉亭,,"あおちゃんです"
576,りあ@浪漫亭,,"秋葉原にあるコンセプトカフェ、浪漫亭でお給仕してます。今お給仕できないので初めてみました。すべて買ってくださった方へメッセージ書きます♡"
577,るなめろでぃ@秋葉亭,,"るなちゃんです🖤🎀ついった→@_Runa_aj"
578,瞭元（りょうげん）,,"EstRaiD赤担当🔴　Instagram▶︎<a href="https://instagram.com/_ryogen_0514" target="_blank">https://instagram.com/_ryogen_0514</a> Twitter▶︎<a href="https://twitter.com/_ryogen_0514" target="_blank">https://twitter.com/_ryogen_0514</a>"
579,狩野　博文,,"EstRaiDホワイト担当"
580,松田ノディ,1995年07月28日,"VISCA ENTERTAINMENT所属 <br>Dance&amp;Vocal UNIT【 Vi-Stud’Z 】<br>1995.7.28.24歳.184㎝<br><br>Twitter▶︎ <a href="https://mobile.twitter.com/nodi_0728" target="_blank">https://mobile.twitter.com/nodi_0728</a><br>Instagram▶︎ <a href="https://www.instagram.com/nodi_0728" target="_blank">https://www.instagram.com/nodi_0728</a>"
581,星名　祐輝,,"EstRaiDのピンク担当🐰💕<br>【 Twitter】<a href="https://mobile.twitter.com/_yuki_star_" target="_blank">https://mobile.twitter.com/_yuki_star_</a><br>【Instagram】<a href="https://www.instagram.com/star_yuki_/" target="_blank">https://www.instagram.com/star_yuki_/</a><br>【TikTok】www.tiktok.com/@_yuki_star_<br>"
582,黒崎湧,,""
583,䋝川　珠字,,"#StayHome"
584,かっきー,1997年12月12日,"Instagram→ <a href="http://instagram.com/_____kakki" target="_blank">http://instagram.com/_____kakki</a> Twitter→<a href="https://mobile.twitter.com/__1212kakk" target="_blank">https://mobile.twitter.com/__1212kakk</a> 会えない中にみんなと少しでもやりとりできればいいな😳いろんな写真投稿するから見てねん😳"
585,あおい,,"よろしくです💭 コロナに負けるなあ〜"
586,青山直生,1998年09月30日,"Twitter:[@sunao0930] Instagram:a[@sunao_aoyama0930]"
587,神代冥(NONSTOP),1997年05月30日,"ノンストッの黒たんとう　かみしろめいちゃんだよ❕<br>ついったー→ <a href="https://mobile.twitter.com/0M5E3I0?ref_src=twsrc%5Egoogle%7Ctwcamp%5Eserp%7Ctwgr%5Eauthor" target="_blank">https://mobile.twitter.com/0M5E3I0?ref_src=twsrc%5Egoogle%7Ctwcamp%5Eserp%7Ctwgr%5Eauthor</a>"
588,兒玉 憐,,""
589,吉沢　美潤,2001年09月03日,"Twitter▷<a href="https://twitter.com/_popostagram" target="_blank">https://twitter.com/_popostagram</a>🎀Instagram▷ <a href="https://instagram.com/_popostagram" target="_blank">https://instagram.com/_popostagram</a>🎀TikTok▷ <a href="https://vt.tiktok.com/6kWMFR/" target="_blank">https://vt.tiktok.com/6kWMFR/</a>🎀"
590,若羽　凛音,1998年11月11日,"NONSTOPの若羽凛音だよぅTwitter🍓 <a href="https://twitter.com/nonstoprinne?ref_src=twsrc%5Egoogle%7Ctwcamp%5Eserp%7Ctwgr%5Eauthor" target="_blank">https://twitter.com/nonstoprinne?ref_src=twsrc%5Egoogle%7Ctwcamp%5Eserp%7Ctwgr%5Eauthor</a>"
591,三月琉羽花,,"❕"
592,森島由逢（NONSTOP）,2000年11月13日,"NONSTOPのライトグリーンです🥦🥦Twitter→ <a href="https://twitter.com/mrsm_yua" target="_blank">https://twitter.com/mrsm_yua</a>"
593,鈴姫みさこ バンドじゃないもん！MAXX NAKAYOSHI,,"バンドじゃないもん！MAXX NAKAYOSHI 、ピンクなドラ娘。リーダーのみさここと鈴姫みさこです！"
594,中島拓也,1999年01月19日,"【Twitter】<a href="https://mobile.twitter.com/takuyanakajima_" target="_blank">https://mobile.twitter.com/takuyanakajima_</a><br>【Instagram 】<a href="https://www.instagram.com/takuya_nakajima_" target="_blank">https://www.instagram.com/takuya_nakajima_</a>"
595,永井廉太,,""
596,佃悠斗,2001年03月12日,"MonOのピンク担当🍑<br>【Twitter】<a href="https://mobile.twitter.com/yutostage" target="_blank">https://mobile.twitter.com/yutostage</a><br>【Instagram 】<a href="https://www.instagram.com/_yuto_mono/?hl=ja" target="_blank">https://www.instagram.com/_yuto_mono/?hl=ja</a><br>【TikTok】www.tiktok.com/@yuto_mono<br><br>※購入したお写真のSNSへの掲載はご遠慮ください。"
597,しらたまうさぎ ＠浪漫亭,,"アカウント名は、こちらがわかるものにしてくれるととっても嬉しいです☺️ <a href="https://twitter.com/romantei_usa" target="_blank">https://twitter.com/romantei_usa</a>"
598,恋汐りんご バンドじゃないもん！MAXX NAKAYOSHI,,"バンドじゃないもん！MAXX NAKAYOSHI 、恋するりんごいろ担当・汐りんこと恋汐りんごです！"
599,ななせぐみ バンドじゃないもん！MAXX NAKAYOSHI,,"バンドじゃないもん！MAXX NAKAYOSHI 、サディスティックブルー担当・ぐみてゃんことななせぐみです！"
600,望月みゆ バンドじゃないもん！MAXX NAKAYOSHI,,"バンドじゃないもん！MAXX NAKAYOSHI 、メルヘングリーン＆ベース担当・みゆちぃこと望月みゆです！"
601,甘夏ゆず バンドじゃないもん！MAXX NAKAYOSHI,,"バンドじゃないもん！MAXX NAKAYOSHI 、コットンイエロー＆シンセサイザーとギター担当・ゆずポンこと甘夏ゆずです！"
602,大桃子サンライズ バンドじゃないもん！MAXX NAKAYOSHI,,"バンドじゃないもん！MAXX NAKAYOSHI 、ディープマリンブルー担当・ももちゃんこと大桃子サンライズです！"
603,鰐井うい【#f606】,,"#f606の鰐井ういです。インターネッツむずかしい！お手柔らかに！🐊Twitter🐊 <a href="https://twitter.com/Ui_f606" target="_blank">https://twitter.com/Ui_f606</a> ㅤㅤㅤㅤㅤㅤㅤㅤㅤㅤㅤㅤ🧠Instagram🧠 <a href="https://www.instagram.com/_icice_" target="_blank">https://www.instagram.com/_icice_</a>"
604,らむ@浪漫亭,,"<a href="https://twitter.com/roman_ramu" target="_blank">https://twitter.com/roman_ramu</a>"
605,よる@浪漫亭,,""
606,test,,"test"
607,己々かし子,,"【#f606】の己々かし子です。"
608,霰ヒナ(f606),,"アイドルグループ#f606の霰ヒナです。<a href="https://mobile.twitter.com/Hina_f606" target="_blank">https://mobile.twitter.com/Hina_f606</a>"
609,こはく@浪漫亭,,"Twitter@roman_589"
610,佐野大和,2000年09月16日,"初代 -喜舞狂令-キマグレ<br><br>新感覚メンズアイドル・初代 -喜舞狂零-「キマグレ」の総長張ってる佐野大和だぜ卍<br><br>公式SNSはこちら↓<br><br>【Twitter】<a href="https://twitter.com/Kimagure_shodai" target="_blank">https://twitter.com/Kimagure_shodai</a><br><br>【Instagram】<a href="https://www.instagram.com/kimagure_shodai/?hl=ja" target="_blank">https://www.instagram.com/kimagure_shodai/?hl=ja</a>"
611,天野冬海,2002年12月19日,"初代 -喜舞狂令-キマグレ<br><br>新感覚メンズアイドル・初代 -喜舞狂零-「キマグレ」の暴走隊長張ってる天野冬海だぜ卍<br><br>公式SNSはこちら↓<br><br>【Twitter】<a href="https://twitter.com/Kimagure_shodai" target="_blank">https://twitter.com/Kimagure_shodai</a><br><br>【Instagram】<a href="https://www.instagram.com/kimagure_shodai/?hl=ja" target="_blank">https://www.instagram.com/kimagure_shodai/?hl=ja</a>"
612,ゆうめ@秋葉亭,,""
613,にっと@秋葉亭,,"終わらないで、夜でアイドルしてます。@owa_nitto"
614,メガネナイトミエナイ,,""
615,つぐ@浪漫亭,,""
616,るか,,"<a href="https://twitter.com/@ruka_aj" target="_blank">https://twitter.com/@ruka_aj</a>"
617,るか@秋葉亭,,""
618,ミトゥン,1999年10月01日,"ミトゥンです。"
619,逸見サキ(partea),,"partea(ぱるてぃ)というグループの水色担当さきちーです🐬💕<br>♥♥tiktok♥♥👉🏻<a href="https://vt.tiktok.com/M7kEtq/" target="_blank">https://vt.tiktok.com/M7kEtq/</a> ♥♥showroom♥♥👉🏻 <a href="https://www.showroom-live.com/saki_partea" target="_blank">https://www.showroom-live.com/saki_partea</a><br>♥♥Twitter♥♥👉🏻 <a href="https://mobile.twitter.com/saki_partea" target="_blank">https://mobile.twitter.com/saki_partea</a>"
620,今泉美玲(partea),,"parteaの赤色担当です(@mirei.partea)"
621,百瀬ゆりあ(partea),1998年12月28日,"partea ピンク担当 百瀬ゆりあ(ゆりあんぬ)です♡<br>【Twitter@yuria_partea 】<br>"
622,雪見まい(partea),,"parteaのしろいろ twitter(@mai_partea)"
623,りりか@浪漫亭,,""
624,アンドリュー,2001年02月20日,"初代 -喜舞狂令-キマグレ<br><br>新感覚メンズアイドル・初代 -喜舞狂零-「キマグレ」の親衛隊長張ってるアンドリューだぜ卍<br><br>公式SNSはこちら↓<br><br>【Twitter】<a href="https://twitter.com/Kimagure_shodai" target="_blank">https://twitter.com/Kimagure_shodai</a><br><br>【Instagram】<a href="https://www.instagram.com/kimagure_shodai/?hl=ja" target="_blank">https://www.instagram.com/kimagure_shodai/?hl=ja</a>"
625,りお@猫耳メイド屋,,""
626,福栄勇人,2002年06月21日,"初代 -喜舞狂令-キマグレ<br><br>新感覚メンズアイドル・初代 -喜舞狂零-「キマグレ」の副総長張ってる福栄勇人だぜ卍<br><br>公式SNSはこちら↓<br><br>【Twitter】<a href="https://twitter.com/Kimagure_shodai" target="_blank">https://twitter.com/Kimagure_shodai</a><br><br>【Instagram】<a href="https://www.instagram.com/kimagure_shodai/?hl=ja" target="_blank">https://www.instagram.com/kimagure_shodai/?hl=ja</a>"
627,りんか@猫耳メイド屋🐱,,"Twitter→ <a href="https://twitter.com/nekome_rinka" target="_blank">https://twitter.com/nekome_rinka</a>"
628,らん@ラヴィアンローズ,,"ラヴィアンローズ店長のらんです☺︎"
629,てむ@猫耳メイド屋,,"🐁 <a href="http://twitter.com/temuuu_nekome" target="_blank">http://twitter.com/temuuu_nekome</a> 🐁 "
630,ねね@猫耳メイド屋,,""
631,小日向くるみ,,"くるみん　職業:天使　<a href="https://twitter.com/krm0217" target="_blank">https://twitter.com/krm0217</a>"
632,そら@猫の隠れ家,,"秋葉原にあるコンカフェ「猫の隠れ家」にいます🥳Twitter🐈@kakurega_sora"
633,えいひ@ラヴィアンローズ,2000年05月02日,"毎日更新頑張るのでフォロー&amp;通知よろしくお願いします！"
634,すい@猫耳メイド屋,,""
635,兎咲みるく@猫耳メイド屋,,""
636,りさぴ@DOLLHOUSE,,"秋葉原にあるDOLLHOUSEというコンカフェでお給仕しています。りさぴです🧸🍒"
637,つくよ@猫の隠れ家,,"秋葉原にあるコンセプトカフェの『猫の隠れ家』でお給仕してるつくよです！コスプレイヤーとしても活動しています、よろしくお願いします(ˊo̴̶̷̤ ̫ o̴̶̷̤ˋ)"
638,らい@猫の隠れ家,1997年11月02日,"猫の隠れ家 の らいです ¨̮♡"
639,らな@猫耳メイド屋,,"Twitter @nekome_rana 一人一人違うメッセージやお絵描きします〜、購入してくれた方の要望等あればリプライまたは質問箱にておねがいします！詳しくはTwitterに書いていますのでよければ(^｡^)"
640,あお@秋葉亭,,"あおです"
641,ここ@猫の隠れ家,,"Twitter:@Nkie_coco｜秋葉原コンカフェ猫の隠れ家に生息｜ほぼ更新しないレベルのノロノロ更新です。リクエストあれば更新します｜2000円〜の価格設定です。両方メッセージ付きますのでメッセージ要らない人は一声ください"
642,堀江 洸,2004年09月04日,"HimeKyunFruitCanの堀江洸です🕊⭐️"
643,中村百花,1998年12月15日,"HimeKyunFruitCanの中村百花です🍑"
644,外崎はる,,"水色うさぎの外崎はるです"
645,古谷那瑠美,,"ひめキュンフルーツ缶の古谷那瑠美です！"
646,しぃ＠秋葉亭,,""
647,西野愛望👶🏻メガメガミ,,"メガメガミ　メガレッド担当　ちびリーダー　愛をお届け💭Twitter→@Aimi_megamega"
648,猫背なな,,"メガメガミ メガホワイト担当　おやすみちゅの人"
649,しゃけ@猫の隠れ家,,"根暗陰キャオタクです..."
650,友澤春香ひめキュンフルーツ缶,2020年04月11日,"愛媛を拠点に活動しているアイドルひめキュンフルーツ缶です！16歳だい！お寿司だいすき！絵を描く見る作るです〜！よろしくお願いします！"
651,小松あゆ,,"メガメガミ‪‪‪‪オレンジ担当🧡ゆんゆ🌼<br> ☁　　☁　　☁　　☁　　☁　　☁ <br> Twitter ➼ Ayu_megamega <br> Instagram ➼ yunyu_land"
652,こぐま@猫耳メイド屋,,""
653,桜葉ほのの,,"メガメガミ　メガピンク担当　　　　　　　早く世界中に春が訪れますように🌸Twitter（@Honono＿megamega）"
654,もか@猫耳メイド屋,,"猫耳メイド屋さんでお給仕させて頂いてます🐾2ちゃいです🐾"
655,もか@猫耳メイド屋,,"猫耳メイド屋さんでお給仕させて頂いてます🐾2ちゃいです🐾"
656,みな@猫耳メイド屋,,""
657,ほりいりほ,2000年02月29日,""
658,えて@ラヴィアンローズ,2001年06月30日,"ラヴィアンローズのえてです。"
659,百瀬ゆりあ(partea),,"partea ピンク担当 百瀬ゆりあ(ゆりあんぬ)です♡<br>【Twitter@yuria_partea 】"
660,なな@猫耳メイド屋,,"需要……欲しいです(´._.｀)"
661,らむ@猫耳メイド屋,,""
662,夢乃　みる,,"#f606の夢乃みるです！わーい！"
663,りん,,"隠れてるつもりでいます‼︎‼︎‼︎"
664,株式会社リライブ,,"株式会社リライブ 公式アカウント"
665,つむぎ@猫の隠れ家,,"秋葉原🐈【 猫の隠れ家 】に生息しています / つむちゃんと呼ばれたい🍇 / ソシャゲとカードゲームを好むねこฅ^._.^ ฅ"
666,らぶにゃん@秋葉亭,,""
667,泡沫@猫耳メイド屋,,"泡沫(うたかた)デス。"
668,るか@猫耳メイド屋,,""
669,かさねんね@ラヴィアンローズ,2000年06月02日,"2000円からでごめんね、買ってくれた君には私と君だけの秘密のメッセージ送るね"
670,めい@ラヴィアンローズ,2001年05月13日,"ラヴィアンローズのめいです🌱文字を書くのがんばります！"
671,るりな@猫耳メイド屋,,""
672,Rin,,"隠れてるつもりです"
673,ぺす@猫の隠れ家,,"猫の隠れ家のぺすです。"
674,もみじ@浪漫亭,,"Twitter:Rmn_Momiji 1種類限定5枚です. ひとりひとりにデジタルおえかき付きです! 浪漫亭でおえかきチェキを頼むと1枚1500円なので、それプラス自分だけのお手紙が付いてくると考えると安い(気がします)！！ご支援お願いします……!!"
675,笹平奈那(One Side Game),1998年08月06日,"ワンサイドゲーム　ささひらななです☺︎<br>Twitter→<a href="http://mobile.twitter.com/nana_sasahira" target="_blank">http://mobile.twitter.com/nana_sasahira</a><br>Instagram→ <a href="https://instagram.com/nana_sasahira?igshid=191ihka0l5rom" target="_blank">https://instagram.com/nana_sasahira?igshid=191ihka0l5rom</a>"
676,やすだゆうほ@パステルプール,,""
677,かりん@パステルプール,,"秋葉原にあるパステルプールでお給仕してるかりんです❤️ <a href="https://twitter.com/karin_pp_" target="_blank">https://twitter.com/karin_pp_</a>"
678,りおん@パステルプール,,"りおんでーす。<a href="https://twitter.com/Rion_pp" target="_blank">https://twitter.com/Rion_pp</a>"
679,なこ@パステルプール,,""
680,らら@パステルプール,,"少しでもコミュニケーション＆思い出作りをしていきたいので宜しく御願いします！ここに投稿する写真はSNSに載せないのでレアですよっ"
681,ひより,,"PinkRabbitというコンセプトカフェにいます"
682,❤︎ 軋轢ちゃん 🤍 ピンクラビット ❤︎,2000年01月17日,"ぴょ〜ん。おてがみかくのだ！"
683,めいりん@娘娘美苑,2020年04月25日,""
684,中沢結,,""
685,TM,,""
686,跡部 ことり@PINK RABBIT,1997年03月14日,"秋葉 PINK RABBIT でお給仕をしている跡部 ことりです🐰♡"
687,ぞーい@ラヴィアンローズ,1999年11月08日,"秋葉原のコンセプトカフェアンドバー・ラヴィアンローズでお給仕しております、ぞーいです！丁寧に愛をこめてお絵描きさせていただきます‪‪❤︎‬"
688,なる@パステルプール,,""
689,ひめ@パステルプール,2003年06月03日,""
690,株式会社Fine Promotion,,"株式会社Fine Promotion 公式アカウント"
691,株式会社mad-phat,,"株式会社mad-phat 公式アカウント"
692,みゆ@パステルプール,2002年10月11日,"@mmiyu_pp アイドルオタクしてる17歳です！普段は推しメンのオンリーファイブを買ってます^_^実質私の推しメンに裏口投資的な感覚でもいいのでお願いします（ ; ; ）少しでもコミュニケーション取れたら嬉しいです、"
693,株式会社ワイルドビジョン,,"株式会社ワイルドビジョン 公式アカウント"
694,工藤凛(partea),,"parteaのりんりんです<br><a href="https://mobile.twitter.com/rin_partea" target="_blank">https://mobile.twitter.com/rin_partea</a>"
695,赤嶺友紀,1995年01月24日,""
696,大滝紗緒里,1998年09月12日,"Twitter→＠saori_otaki"
697,夏芽 優李,,"夏芽 優李(なつめ すぐり)です❤︎"
698,結城美優,,"🤤🤤"
699,宮ノ尾美友,,"女優。Twitter @miyumiyu_ribbon"
700,令名の和歌,,"令名の和歌 公式アカウント"
701,てまり@浪漫亭,,"浪漫亭てまりです☺︎*(@roman_tema)写真は1種類5枚限定です✿ᵕ̈*"
702,Contact＋えつや,,"Contact＋赤色担当えつやです！"
703,Contact＋えい,,"Contact＋えいです！"
704,Contact＋あき,,"Contact＋のあきです！"
705,Contact＋りゅうせい,,"Contact＋のりゅうせいです！"
706,Contact＋ゆいと,,"Contact＋のゆいとです！"
707,Contact＋しき,,"Contact＋のしきです！"
708,あやめ＠秋葉亭,,""
709,株式会社Strahl promotion,,"株式会社Strahl promotion 公式アカウント"
710,越智あいり,1993年09月10日,""
711,ぴあの,,"ぼちぼち頑張ります ♥twitter@piano_tensai ♥Instagram@piano_tensai"
712,りんちゃん@ピンクラビット,,"🥺🥺"
713,間中芽衣,1995年01月05日,""
714,高田みさき,1998年06月08日,""
715,有限会社BLUE ROSE,,"有限会社BLUE ROSE 公式アカウント"
716,株式会社フィット,,"株式会社フィット 公式アカウント"
717,晴桜ゆめ,,""
718,深春きぐ,,"BOY MEETS HARU(ボイハル)の赤🍓深春きぐです<a href="https://mobile.twitter.com/kigu_bmhr" target="_blank">https://mobile.twitter.com/kigu_bmhr</a>"
719,春終ゆり☪️,,"アイドルグループ BOY MEETS HARU(ボイハル) むらさきのハル"
720,春麗采那🐶ボイハル,,"BOY MEETS HARU🌸黄ハル|Twitter🐥<a href="https://twitter.com/ayana_bmhr" target="_blank">https://twitter.com/ayana_bmhr</a>"
721,橋本からあげ,,"橋本からあげのOnlyfiveです！"
722,望月める,,"望月めるのOnlyfiveです！"
723,天弥はる😇,,"BOY MEETS HARU(ボイハル)のあまみはるです、よろしくお願いします、ツイッター→haru_bmhr"
724,akane,,""
725,百音ハルカ,,"BOY MEETS HARU(ボイハル)の緑色のハル 百音ハルカです！よろしくお願いします🙇‍♀️Twitter→@haruka_bmhr"
726,ちなぴぴ,2000年07月17日,""
727,ストーン奈緒美,2020年06月14日,"incubation所属/ 大学に通いながら、モデルをしています！よろしくお願いします🎶<br>【Instagram】<br><a href="https://www.instagram.com/naonaominsta_/" target="_blank">https://www.instagram.com/naonaominsta_/</a><br>【TikTok】<br><a href="https://vt.tiktok.com/rRKytC/" target="_blank">https://vt.tiktok.com/rRKytC/</a><br>"
728,にあ@猫の隠れ家,,"秋葉原にあります猫の隠れ家の住人です🐈　映画やドラマを見ることとゲームをすることが好き。フットワークは軽めなので面白そうなものを布教して頂けると履修するかもしれないです。"
729,株式会社MOTHER EARTH,,"株式会社MOTHER EARTH 公式アカウント"
730,king zeebra,,"king zeebra 公式アカウント"
731,合同会社MOVANO,,"合同会社MOVANO 公式アカウント"
732,中野ゆいな,2002年01月25日,"🇯🇵 2002.01.25(18)<br>マイペース人間です。"
733,河地柚奈,1995年01月25日,"かわぢやでーー！"
734,今野穂乃花🎒ほのたん,1998年04月20日,"ほのたんですTwitter▶️<a href="https://mobile.twitter.com/ic_honotan" target="_blank">https://mobile.twitter.com/ic_honotan</a>"
735,海老原 優花,1996年01月01日,"アイドルカレッジ　リーダー　　　　Twitter⏩ ic_ebichan"
736,冨田樹梨亜,,"やほ！"
737,若林春来,1995年04月05日,"\見た目は美人、中身は卍/アイドルカレッジのばやしです卍"
738,松本旭平,,""
739,みるく@ラヴィアンローズ,,"自粛期間中も画面の中で会おうよ、お絵かきがんばる♡"
740,峯島 叶夢,2006年05月31日,"みねじま かのん❤のんぴ/かのん🤗中学2年生13歳⭐️身長165センチ🐹まだまだ成長中⤴️ フォローお願いします♡応援してね❤️ #アイカレ候補生 Twitter:ic_kanon|TikTok:ic_kanon"
741,間山 優,2004年10月23日,"まやまゆう｜15さい ｜東京出身 ｜アイドル大好きなアイドル｜野球大好き(西武ライオンズ) ｜Twitter @ic_yu20041023 TikTok→ www.tiktok.com/@ic_yu20041023"
742,内藤里奈（りなんちゅ♡*゜）,2001年02月16日,"アイドルカレッジ🎀 ニックネーム 💖りなんちゅ♡*゜兵庫県出身🐙自称JK19歳💖 丸顔ついんてーる🐰💕愛されポジティブガール🎀 特技はケーキホール食い🎂Twitter（<a href="https://mobile.twitter.com/ic_rinanchu" target="_blank">https://mobile.twitter.com/ic_rinanchu</a>）"
743,本多郁純,2000年10月23日,""
744,佐藤春奈(アイドルカレッジ),1995年04月17日,"アイドルカレッジのぱるなこと佐藤春奈です！"
745,山田命,1995年09月08日,"やまだみことです♡アイドルカレッジ候補生♡Twitter▷▶︎▷▶︎ <a href="https://mobile.twitter.com/ic_mikoto" target="_blank">https://mobile.twitter.com/ic_mikoto</a>"
746,藤代梨々花,1999年01月30日,""
747,田口空,2000年07月21日,"アイドルカレッジ のおそらこと田口空です！☁︎ 仲良くしてください！！！"
748,須道太一,1999年06月05日,"須道太一です"
749,蒼冥依生,,"蓋世ユートピア革命の青の人です。最近の好きな言葉はマジ卍ウイルスです。じわじわ。"
750,紫々丸 くおん,,"蓋世ユートピア革命 紫色"
751,ひなたかりん,,"蓋世ユートピア革命のさめの子かりんです"
752,藤堂未渚,,"蓋世ユートピア革命の緑担当"
753,白星もえ,2002年09月04日,""
754,ここあ ももか(心々優 杏果),,"蓋世ユートピア革命 赤色担当"
755,兎羽姫莉,,"蓋世ユートピア革命 ピンク担当"
756,日向琴美,2000年10月10日,""
